dialogue_id,speaker,turn,act_1,act_2,act_3
42_00000,USER,I would like a hotel room.,INFORM_INTENT,,
42_00000,SYSTEM,What city should I look in?,REQUEST,,
42_00000,USER,I want a hotel in LAX.,INFORM,,
42_00000,SYSTEM,I have 10 hotels that match what you are looking for. What about Ac Hotel By Marriott Beverly Hills? It is a 2 star.,OFFER,,INFORM_COUNT
42_00000,USER,How much is it per night and what is the address?,REQUEST,,
42_00000,SYSTEM,The room is $138 per night and it's located at 6399 Wilshire Boulevard.,INFORM,,
42_00000,USER,That sounds great. I would like to make a reservation at the hotel for check in on the 3rd.,INFORM,INFORM_INTENT,SELECT
42_00000,SYSTEM,How many days would the reservation be for?,REQUEST,,
42_00000,USER,I need the room for 2 days.,INFORM,,
42_00000,SYSTEM,"Could you confirm that you want to stay at the Ac Hotel By Marriott Beverly Hills? You will check in the day after tomorrow for 2 days in Los Angeles, and you need 1 room.",CONFIRM,,
42_00000,USER,Yes that is great.,AFFIRM,,
42_00000,SYSTEM,Your reservation has been made.,NOTIFY_SUCCESS,,
42_00000,USER,Thank you kindly. That is all I need help with.,THANK_YOU,GOODBYE,
42_00000,SYSTEM,Have a great one.,GOODBYE,,
42_00001,USER,I would like to search for a hotel room.,INFORM_INTENT,,
42_00001,SYSTEM,What is your preferred location?,REQUEST,,
42_00001,USER,I prefer to stay in KL.,INFORM,,
42_00001,SYSTEM,I have found a nice 5 star hotel called Alila Bangsar.,OFFER,,
42_00001,USER,What is the cost to stay there per night and their contact number?,REQUEST,,
42_00001,SYSTEM,"The room will set you back at $465 per night, and you can contact them at +60 3-2268 3888.",INFORM,,
42_00001,USER,Are there any hotels with wifi service in New York City?,INFORM,,REQUEST_ALTS
42_00001,SYSTEM,I have found a 4 star hotel called 1 Hotel Brooklyn Bridge.,OFFER,,
42_00001,USER,"I see, are there any alternative hotels?",REQUEST_ALTS,,
42_00001,SYSTEM,There is also a 5 start hotel called 1 Hotel Central Park.,OFFER,,
42_00001,USER,That sounds great! Could you help me make a reservation?,INFORM_INTENT,SELECT,
42_00001,SYSTEM,How long would the reservation be for?,REQUEST,,
42_00001,USER,I would like to make a reservation for one room on the March 1st for 3 days.,INFORM,,
42_00001,SYSTEM,Please confirm your reservation of 1 room at 1 Hotel Central Park in New York. The check-in will be today and the reservation is for a total of 3 days.,CONFIRM,,
42_00001,USER,Could you instead help to make a reservation for four days instead starting from the 8th of March?,INFORM,,NEGATE
42_00001,SYSTEM,"Sure, please confirm your reservation for 4 days commencing next Friday.",CONFIRM,,
42_00001,USER,Could I book 2 rooms instead?,INFORM,NEGATE,
42_00001,SYSTEM,Please confirm your reservation on next Friday for 2 rooms.,CONFIRM,,
42_00001,USER,"That's fine for me, may I have the contact number and address of this hotel?",REQUEST,,AFFIRM
42_00001,SYSTEM,Your reservation has been made. You can contact them at +1 212-703-2001 and they are located at 1414 6th Avenue.,INFORM,,NOTIFY_SUCCESS
42_00001,USER,"That's great, that's all I need for now.",THANK_YOU,GOODBYE,
42_00001,SYSTEM,"No problem, have a great day ahead!",GOODBYE,,
42_00002,USER,"Get me your best room in New Delhi, pronto.",INFORM,INFORM_INTENT,
42_00002,SYSTEM,"There are 10 options, let's start at the top, Aloft New Delhi Aerocity is a 4 star outfit.",OFFER,,INFORM_COUNT
42_00002,USER,They have wifi right? What's the address?,REQUEST,,
42_00002,SYSTEM,"No wifi. They are on 5B Igi T3 Road, Delhi - Ajmer Expressway, Aerocity, New Delhi.",INFORM,,
42_00002,USER,I changed my mind. I want 1 star hotels now.,INFORM,REQUEST_ALTS,
42_00002,SYSTEM,Andaz Delhi - a Concept by Hyatt is the one for you. It only has 1.,OFFER,,
42_00002,USER,"Great, book that for the 8th please?",INFORM,INFORM_INTENT,SELECT
42_00002,SYSTEM,How long will your visit be?,REQUEST,,
42_00002,USER,Four days long.,INFORM,,
42_00002,SYSTEM,"Got you, here's the deets: Checking into Andaz Delhi - A Concept By Hyatt, you'll check in next friday. 4 days in Delhi. You want 1 room.",CONFIRM,,
42_00002,USER,OK. What is the nightly rate?,REQUEST,AFFIRM,
42_00002,SYSTEM,The room is yours and costs $135 per night.,INFORM,NOTIFY_SUCCESS,
42_00002,USER,Thanks for all that.,THANK_YOU,,
42_00002,SYSTEM,What else can I do for you?,REQ_MORE,,
42_00002,USER,"I'm OK, thanks.",NEGATE,THANK_YOU,
42_00002,SYSTEM,Take care now.,GOODBYE,,
42_00003,USER,I'd like to find a hotel that offers wifi. Can you help me make a reservation?,INFORM,INFORM_INTENT,
42_00003,SYSTEM,I'd love to help. Where should I begin the search?,REQUEST,,
42_00003,USER,I will be travelling to NY.,INFORM,,
42_00003,SYSTEM,I found 10 hotels that may work for you. May I suggest 1 Hotel Brooklyn Bridge? It's a beautiful hotel with a 4 star rating.,OFFER,,INFORM_COUNT
42_00003,USER,I'd like to hear about some other options.,REQUEST_ALTS,,
42_00003,SYSTEM,"If you are interested in a 5 star hotel, I recommend 1 Hotel Central Park.",OFFER,,
42_00003,USER,That sounds expensive. What else is available?,REQUEST_ALTS,,
42_00003,SYSTEM,I see 11 Howard is available. It is a 3 star hotel.,OFFER,,
42_00003,USER,What is the contact number and how much are the rooms per night?,REQUEST,,
42_00003,SYSTEM,Rooms start at $168 per night and the phone number is +1 212-235-1111.,INFORM,,
42_00003,USER,That's more in my budget. I like that one.,SELECT,,
42_00003,SYSTEM,Do you want me to make a reservation for you?,OFFER_INTENT,,
42_00003,USER,"Yes, I'd like to reserve the room.",AFFIRM_INTENT,,
42_00003,SYSTEM,When will you be arriving and how long is your stay?,REQUEST,,
42_00003,USER,I'd like to check in on the 6th of this month and stay for 2 days.,INFORM,,
42_00003,SYSTEM,Let me make sure I've got this right. You'd like to reserve 1 room at 11 Howard in New York beginning next Wednesday for 2 days. Is that correct?,CONFIRM,,
42_00003,USER,"Yes, that's right. Can you tell me the address?",REQUEST,AFFIRM,
42_00003,SYSTEM,The address is 11 Howard Street. Your room has successfully been booked.,INFORM,NOTIFY_SUCCESS,
42_00003,USER,Great! That's everything I need. Thank you for your help.,THANK_YOU,GOODBYE,
42_00003,SYSTEM,You're welcome. I hope you have a pleasant trip.,GOODBYE,,
42_00004,USER,I need a hotel room with WiFi please.,INFORM,INFORM_INTENT,
42_00004,SYSTEM,What city would you like to stay?,REQUEST,,
42_00004,USER,I need it in San Francisco,INFORM,,
42_00004,SYSTEM,I have 10 options for you. Amsterdam Hostel San Francisco is a nice 1 star.,OFFER,,INFORM_COUNT
42_00004,USER,What other options do you have. I need 2 rooms at a 1 star hotel.,INFORM,,REQUEST_ALTS
42_00004,SYSTEM,I have 9 options for you. Argonaut Hotel is a nice 1 star.,OFFER,,INFORM_COUNT
42_00004,USER,Can you show me options for 1 room.,INFORM,REQUEST_ALTS,
42_00004,SYSTEM,I have 8 options for you. Beck's Motor Lodge is a 1 star.,OFFER,,INFORM_COUNT
42_00004,USER,What is the cost for the night? What is their number?,REQUEST,,
42_00004,SYSTEM,Its $50 per night and the number is +1 415-621-8212,INFORM,,
42_00004,USER,That sounds good.,SELECT,,
42_00004,SYSTEM,Would you like to make a reservation?,OFFER_INTENT,,
42_00004,USER,Yes I want too.,AFFIRM_INTENT,,
42_00004,SYSTEM,How many nights would you like to stay?,REQUEST,,
42_00004,USER,I need it for 2 days?,INFORM,,
42_00004,SYSTEM,When would you like to check in?,REQUEST,,
42_00004,USER,I need it on the 11th of March.,INFORM,,
42_00004,SYSTEM,1 room at Beck'S Motor Lodge located in San Francisco for 2 days checking in on March 11th. Is that correct?,CONFIRM,,
42_00004,USER,Yes that sounds awesome.,AFFIRM,,
42_00004,SYSTEM,You reservation is confirmed.,NOTIFY_SUCCESS,,
42_00004,USER,Thank you.,THANK_YOU,,
42_00004,SYSTEM,IS there anything else I can do for you?,REQ_MORE,,
42_00004,USER,No that will be all.,NEGATE,THANK_YOU,
42_00004,SYSTEM,Have an amazing day!,GOODBYE,,
42_00005,USER,I would like to find a hotel.,INFORM_INTENT,,
42_00005,SYSTEM,In what city should I look for a hotel?,REQUEST,,
42_00005,USER,"I will staying in London, England.",INFORM,,
42_00005,SYSTEM,The 45 Park Lane is a beautiful 5 star hotel.,OFFER,,
42_00005,USER,That sounds like the perfect hotel.,SELECT,,
42_00005,SYSTEM,Will you need assistance with anything else?,REQ_MORE,,
42_00005,USER,"Yes, please make a hotel reservation at the 5 star hotel on 45 Park Lane.",INFORM_INTENT,,
42_00005,SYSTEM,What date will you be checking into the hotel?,REQUEST,,
42_00005,USER,"I will be arriving on the 4th of this month,",INFORM,,
42_00005,SYSTEM,How many days will you be staying at the hotel?,REQUEST,,
42_00005,USER,Please reserve the hotel for 4 days.,INFORM,,
42_00005,SYSTEM,I have reserved 4 days at the 45 Park Lane in London for 1 person with an arrrival date of next Monday.,CONFIRM,,
42_00005,USER,"That is perfect. Please provide with the phone number. Also, I am wondering if the Park Lane has wifi?",REQUEST,,AFFIRM
42_00005,SYSTEM,Unfortunately the hotel does not have wifi. Their phone number is +44 20 7493 4545. Your room at the Park Lane has been reserved.,INFORM,,NOTIFY_SUCCESS
42_00005,USER,Thank you for your help and I do not need any further assistance.,THANK_YOU,GOODBYE,
42_00005,SYSTEM,Enjoy the day!,GOODBYE,,
42_00006,USER,I'm going on vacation soon and I'm searching for a room in a three star hotel.,INFORM,INFORM_INTENT,
42_00006,SYSTEM,In which city do you need a hotel room?,REQUEST,,
42_00006,USER,I will be needing a hotel room in Chi-town.,INFORM,,
42_00006,SYSTEM,There are 10 hotels available. I recommend a nice hotel with a 3 star rating called Ac Hotel By Marriott Chicago Downtown.,OFFER,,INFORM_COUNT
42_00006,USER,"I am looking to book a hotel with three rooms and available wifi, are there any other hotels that might suit my needs?",INFORM,,REQUEST_ALTS
42_00006,SYSTEM,The Ace Hotel Chicago is also a nice hotel with a 3 star rating.,OFFER,,
42_00006,USER,May I have the address and phone number for the establishment?,REQUEST,,
42_00006,SYSTEM,You can reach them at +1 312-764-1919 and you can find them at 311 North Morgan Street.,INFORM,,
42_00006,USER,"Great, I will go with that.",SELECT,,
42_00006,SYSTEM,Is there anything else I can help you with?,REQ_MORE,,
42_00006,USER,Yes. I would like to reserve a hotel room for 2 days.,INFORM,INFORM_INTENT,
42_00006,SYSTEM,When will you be checking in?,REQUEST,,
42_00006,USER,I will be checking in on the 6th of this month.,INFORM,,
42_00006,SYSTEM,"You are booking 3 rooms for 2 days and will be checking in next Wednesday at the Ace Hotel Chicago, in Chicago. Is that correct?",CONFIRM,,
42_00006,USER,"I am a little concerned about cost, what is the room cost per night?",REQUEST,AFFIRM,
42_00006,SYSTEM,Your reservation has been placed. The room is priced at $300 per night.,INFORM,NOTIFY_SUCCESS,
42_00006,USER,That is everything for now. Thank you for your help.,THANK_YOU,GOODBYE,
42_00006,SYSTEM,Anytime. Have a wonderful day.,GOODBYE,,
42_00007,USER,I want to book a room in a hotel for which I need your help.,INFORM_INTENT,,
42_00007,SYSTEM,Do you have any suggestion on City where I have to search for the hotel?,REQUEST,,
42_00007,USER,"Yes, NYC is the place, please search here.",INFORM,,
42_00007,SYSTEM,"Found one which is 1 Hotel Brooklyn Bridge which is a 4 start hotel, is that okay for you?",OFFER,,
42_00007,USER,Can you search for some other hotel with wi-fi connection and I need to book two rooms.,INFORM,,REQUEST_ALTS
42_00007,SYSTEM,"Yes, 1 Hotel Central Park is the nice one and it is 5 star hotel.",OFFER,,
42_00007,USER,"Yes, that will be good.",SELECT,,
42_00007,SYSTEM,Do you want me to book room in that hotel?,OFFER_INTENT,,
42_00007,USER,"Yes, I need to reserve rooms there.",AFFIRM_INTENT,,
42_00007,SYSTEM,From which date I have to book the rooms and for how many days you want to stay in that hotel?,REQUEST,,
42_00007,USER,I need the room for 1 day only from this Saturday.,INFORM,,
42_00007,SYSTEM,Please confirm to book 2 rooms in hotel 1 Hotel Central Park for 1 day from tomorrow in New York.,CONFIRM,,
42_00007,USER,That is fine. Let me know the address for my reference.,REQUEST,AFFIRM,
42_00007,SYSTEM,Your booking was confirmed and the address is 1414 6th Avenue.,INFORM,NOTIFY_SUCCESS,
42_00007,USER,Thanks for your help.,THANK_YOU,,
42_00007,SYSTEM,Any more help you need from me?,REQ_MORE,,
42_00007,USER,"No, that's all I want.",NEGATE,THANK_YOU,
42_00007,SYSTEM,Have a great day.,GOODBYE,,
42_00008,USER,I need a hotel room with wifi.,INFORM,INFORM_INTENT,
42_00008,SYSTEM,In which city?,REQUEST,,
42_00008,USER,In Phoenix please.,INFORM,,
42_00008,SYSTEM,"I found 10 hotels, the Aloft Phoenix-Airport is a nice 3 star hotel.",OFFER,,INFORM_COUNT
42_00008,USER,Any others I may like?,REQUEST_ALTS,,
42_00008,SYSTEM,Arizona Grand Resort & Spa is a nice 4 star hotel.,OFFER,,
42_00008,USER,What about two star?,INFORM,REQUEST_ALTS,
42_00008,SYSTEM,Cambria Hotel North Scottsdale Desert Ridge is nice. It is a 2 star.,OFFER,,
42_00008,USER,"That is great, I need a reservation for 1 room.",INFORM,INFORM_INTENT,SELECT
42_00008,SYSTEM,How many days do you need it for?,REQUEST,,
42_00008,USER,Check in March 9th for 4 days.,INFORM,,
42_00008,SYSTEM,I have Cambria Hotel North Scottsdale Desert Ridge on March 9th for 4 days in Phoenix for 1 room.,CONFIRM,,
42_00008,USER,"Yes that is great, what is the phone number?",REQUEST,AFFIRM,
42_00008,SYSTEM,Your reservation is successful. The number is +1 480-585-6644.,INFORM,NOTIFY_SUCCESS,
42_00008,USER,Thank you that is all.,THANK_YOU,GOODBYE,
42_00008,SYSTEM,Have a good day.,GOODBYE,,
42_00009,USER,I'll be travelling alone and only need one hotel room. Can you help me find one?,INFORM,INFORM_INTENT,
42_00009,SYSTEM,In which city would you like me to conduct the hotel search?,REQUEST,,
42_00009,USER,Please find a hotel in Delhi.,INFORM,,
42_00009,SYSTEM,I found a nice 4 star hotel called Aloft New Delhi Aerocity,OFFER,,
42_00009,USER,May I have the hotel's phone number?,REQUEST,,
42_00009,SYSTEM,You can reach them at +91 11 4565 0000.,INFORM,,
42_00009,USER,"Please let me also have the hotel address, and find out if they have wifi.",REQUEST,,
42_00009,SYSTEM,"The hotel is at 5B Igi T3 Road, Delhi - Ajmer Expressway, Aerocity, New Delhi. There is no wifi on the premises.",INFORM,,
42_00009,USER,"Yes, I like that hotel and would like to make a reservation.",INFORM_INTENT,SELECT,
42_00009,SYSTEM,"When would you like to check in, and long will you be staying?",REQUEST,,
42_00009,USER,"I'd like to check in on the 1st, and keep the room for 2 days.",INFORM,,
42_00009,SYSTEM,"Please let me know if I got everything correctly: A reservation for 1 room, for 2 days at Aloft New Delhi Aerocity, in Delhi. Checking in today.",CONFIRM,,
42_00009,USER,"No, sorry . My office has just asked me to change my travel plans. I'd like the room for four days, with a new check in date of the 3rd of this month.",INFORM,,NEGATE
42_00009,SYSTEM,"Okay, no problem. Please let me know if I got everything correctly: You'll be checking in day after tomorrow and will keep the room for 4 days.",CONFIRM,,
42_00009,USER,"Yes, sounds good. What's the cost per night?",REQUEST,AFFIRM,
42_00009,SYSTEM,I have successfully made your reservation. The price of the room is $124 per night.,INFORM,NOTIFY_SUCCESS,
42_00009,USER,Thank you very much. You've been very helpful. That will be all for now.,THANK_YOU,GOODBYE,
42_00009,SYSTEM,Have a lovely day.,GOODBYE,,
42_00010,USER,Two of us need rooms. Is there any fine hotel?,INFORM,INFORM_INTENT,
42_00010,SYSTEM,Which city you prefer sir?,REQUEST,,
42_00010,USER,It must be in NYC.,INFORM,,
42_00010,SYSTEM,There is one 4 star hotel. 1 hotel brooklyn bridge.,OFFER,,
42_00010,USER,"I think that will do, make a reservation.",INFORM_INTENT,SELECT,
42_00010,SYSTEM,For how long will you be there?,REQUEST,,
42_00010,USER,For four days.,INFORM,,
42_00010,SYSTEM,Check-in date please.,REQUEST,,
42_00010,USER,Later today itself.,INFORM,,
42_00010,SYSTEM,"Ok, confirm the details, 2 rooms in 1 Hotel Brooklyn bridge in New York, for 4 days from today",CONFIRM,,
42_00010,USER,"Yes, it is correct.",AFFIRM,,
42_00010,SYSTEM,You made it. reservation is done.,NOTIFY_SUCCESS,,
42_00010,USER,"Great, thank you.",THANK_YOU,,
42_00010,SYSTEM,Any other help needed?,REQ_MORE,,
42_00010,USER,"No, thats all, thank you.",NEGATE,THANK_YOU,
42_00010,SYSTEM,"Great, have a nice day.",GOODBYE,,
42_00011,USER,Can you find a room in a hotel?,INFORM_INTENT,,
42_00011,SYSTEM,What is your preferred city?,REQUEST,,
42_00011,USER,"Please search for one room in a one star hotel in Paris, France.",INFORM,,
42_00011,SYSTEM,There is 1 hotel named as Ac Hotel By Marriott Paris Porte Maillot.,OFFER,,
42_00011,USER,What is the cost per night and does the hotel has wifi?,REQUEST,,
42_00011,SYSTEM,The hotel does not have wifi and the room costs $184 per night.,INFORM,,
42_00011,USER,Yes that sounds great to me. I want to make a reservation and put the check-in date as March 8th.,INFORM,INFORM_INTENT,SELECT
42_00011,SYSTEM,For how many days will be staying?,REQUEST,,
42_00011,USER,I will be staying for three days.,INFORM,,
42_00011,SYSTEM,Please confirm: You want me to make a reservation for 1 room for 3 days at Ac Hotel By Marriott Paris Porte Maillot in Paris and the check-in date is next Friday.,CONFIRM,,
42_00011,USER,No. Out the check-in date as 12th of March.,INFORM,NEGATE,
42_00011,SYSTEM,Please confirm the details again: You want me to make the reservation at Ac Hotel By Marriott Paris Porte Maillot and the check-in date is March 12th.,CONFIRM,,
42_00011,USER,No. Please make the reservation for one day.,INFORM,NEGATE,
42_00011,SYSTEM,Please confirm the details again: You want me to the check-in date as March 12th for 1 day.,CONFIRM,,
42_00011,USER,"Yes, That is right. Can you find me the address?",REQUEST,AFFIRM,
42_00011,SYSTEM,"You reservation is successfully made and confirmed and the address of the hotel is 6 Rue Gustave Charpentier, 75017.",INFORM,NOTIFY_SUCCESS,
42_00011,USER,That will be all. Thank you.,THANK_YOU,GOODBYE,
42_00011,SYSTEM,I am glad I could help. Have a nice day.,GOODBYE,,
42_00012,USER,I need a hotel room.,INFORM_INTENT,,
42_00012,SYSTEM,In which city would you like a room?,REQUEST,,
42_00012,USER,I need one room in London please.,INFORM,,
42_00012,SYSTEM,I found 10 hotels. The first is at 45 Park Lane and is a 5 star.,OFFER,,INFORM_COUNT
42_00012,USER,Are there any other hotels I would like? I want a 2 star.,INFORM,REQUEST_ALTS,
42_00012,SYSTEM,Abc Hyde Park Hotel is nice and is a 2 star.,OFFER,,
42_00012,USER,"Yes, that sounds great.",SELECT,,
42_00012,SYSTEM,Would you like to reserce a room?,OFFER_INTENT,,
42_00012,USER,"Yes, please make a reservation for the 5th.",AFFIRM_INTENT,INFORM,
42_00012,SYSTEM,How many days will you be staying?,REQUEST,,
42_00012,USER,For 4 days.,INFORM,,
42_00012,SYSTEM,"You want the Abc Hyde Park Hotel next Tuesday for 4 days in London for 1 person, is that correct?",CONFIRM,,
42_00012,USER,"Yes, that is perfect.",AFFIRM,,
42_00012,SYSTEM,Your reservation has been made.,NOTIFY_SUCCESS,,
42_00012,USER,"Thank you, that's all I need.",THANK_YOU,GOODBYE,
42_00012,SYSTEM,Have a great day.,GOODBYE,,
42_00013,USER,I need a hotel room?,INFORM_INTENT,,
42_00013,SYSTEM,What is the city of your choice?,REQUEST,,
42_00013,USER,Try Los Angeles for me.,INFORM,,
42_00013,SYSTEM,"I have a 2 star, Ac Hotel By Marriott Beverly hills.",OFFER,,
42_00013,USER,What's the contact number: How many clams is it?,REQUEST,,
42_00013,SYSTEM,$138. per night. Phone is +1 323-852-7000.,INFORM,,
42_00013,USER,"Great, book that for two days now.",INFORM,INFORM_INTENT,SELECT
42_00013,SYSTEM,What check in do you want?,REQUEST,,
42_00013,USER,Give it to me on the 3rd of this month.,INFORM,,
42_00013,SYSTEM,Here's where we are: Check in 1 room for 2 days on day after tomorrow into the Ac Hotel By Marriott Beverly hills. it's in Los angeles.,CONFIRM,,
42_00013,USER,"Yes, What's the address? Does the hotel have wifi?",REQUEST,,AFFIRM
42_00013,SYSTEM,6399 Wilshire Boulevard. It has Wifi if you want it.,INFORM,,NOTIFY_SUCCESS
42_00013,USER,Thanks a bundle.,THANK_YOU,GOODBYE,
42_00013,SYSTEM,"Heart full of kisses for you, thanks.",GOODBYE,,
42_00014,USER,I'd like a room in four star hotel. Can you help?,INFORM,INFORM_INTENT,
42_00014,SYSTEM,Of course. In which city are you planning to stay?,REQUEST,,
42_00014,USER,"I'd like to stay in Paris, France.",INFORM,,
42_00014,SYSTEM,There are 10 hotels matching your criteria in Paris out of which I'd recommend the 4 star AC Hotel By Marriott Paris Porte Maillot,OFFER,,INFORM_COUNT
42_00014,USER,What's the per night rate for the room?,REQUEST,,
42_00014,SYSTEM,Room is priced at $184 per night.,INFORM,,
42_00014,USER,Anything else available?,REQUEST_ALTS,,
42_00014,SYSTEM,There's also 4 star Amastan Paris.,OFFER,,
42_00014,USER,I'd like 1 room! Anything else which I might like?,INFORM,REQUEST_ALTS,
42_00014,SYSTEM,There's also the 4 star Best Western Bretagne Montparnasse,OFFER,,
42_00014,USER,Do you have their phone number? How much for a room per night?,REQUEST,,
42_00014,SYSTEM,You can reach them at +33 1 45 38 52 59. The room is $348 per night.,INFORM,,
42_00014,USER,Sounds perfect. Can you help with the reservation?,INFORM_INTENT,SELECT,
42_00014,SYSTEM,Sure. When do you want to check in?,REQUEST,,
42_00014,USER,I'd like to check in on the 1st of this month.,INFORM,,
42_00014,SYSTEM,How long is your stay?,REQUEST,,
42_00014,USER,I'd like to stay 2 days.,INFORM,,
42_00014,SYSTEM,"Can you please confirm that you'd like to reserve 1 room for 2 days, checking in today at Best Western Bretagne Montparnasse Paris?",CONFIRM,,
42_00014,USER,"Yes, that's correct.",AFFIRM,,
42_00014,SYSTEM,I''ve successfully booked your room.,NOTIFY_SUCCESS,,
42_00014,USER,Thanks a lot.,THANK_YOU,,
42_00014,SYSTEM,Is there anything else I can do for you?,REQ_MORE,,
42_00014,USER,"No, that will be all for now. Thanks a lot!",NEGATE,THANK_YOU,
42_00014,SYSTEM,Have a good one.,GOODBYE,,
42_00015,USER,I need a hotel room.,INFORM_INTENT,,
42_00015,SYSTEM,Where will you be staying?,REQUEST,,
42_00015,USER,I will be staying in London.,INFORM,,
42_00015,SYSTEM,"I found a 5 star hotel, 45 Park Lane.",OFFER,,
42_00015,USER,I would rather you search for three star hotels. Can you find me some of those?,INFORM,REQUEST_ALTS,
42_00015,SYSTEM,"I have found 9 to start, the Abc Hyde Park Hotel an exceptional 3 star hotel.",OFFER,,INFORM_COUNT
42_00015,USER,I just found out my mother-in-law is coming I am going to need 2 rooms at a 2 star hotel now.,INFORM,,REQUEST_ALTS
42_00015,SYSTEM,1 of 8 I found so far is a 2 star hotel called Accommodation London Bridge.,OFFER,,INFORM_COUNT
42_00015,USER,Where exactly is it located? Do they offer wi-fi?,REQUEST,,
42_00015,SYSTEM,They are located at 58 Great Dover Street and unfortunately they do not have wi-fi.,INFORM,,
42_00015,USER,"Oh well, that one will do. I need the reservations for March 6th please.",INFORM,INFORM_INTENT,SELECT
42_00015,SYSTEM,And what is the anticipated length of your stay?,REQUEST,,
42_00015,USER,"Make the reservations for three days, that should work.",INFORM,,
42_00015,SYSTEM,Am I correct in my intentions: you require 2 rooms for 3 days starting next Wednesday at the Accommodation London Bridge in London.,CONFIRM,,
42_00015,USER,No I just talked to my mother-in-law we will only be able to stay 2 days the check out should be for the 2nd of this month.,INFORM,,NEGATE
42_00015,SYSTEM,You will be arriving tomorrow and plan to stay 2 days correct?,CONFIRM,,
42_00015,USER,You got it. I need a phone number and the cost per night please.,REQUEST,,AFFIRM
42_00015,SYSTEM,Your rooms are confirmed. The cost is $252 per room per night. You can reach than at this number: +44 20 7403 4299.,INFORM,,NOTIFY_SUCCESS
42_00015,USER,"Fantastic, thanks a bunch.",THANK_YOU,,
42_00015,SYSTEM,Will you be requiring my services any more today?,REQ_MORE,,
42_00015,USER,No go ahead and close and thanks.,NEGATE,THANK_YOU,
42_00015,SYSTEM,Have a fabulous day.,GOODBYE,,
42_00016,USER,"I will be having a business meeting, so I need a room in a hotel to sleep in.",INFORM_INTENT,,
42_00016,SYSTEM,Can you tell me the specific city where you want the hotel to be?,REQUEST,,
42_00016,USER,The hotel I am looking for should be in Las Vegas.,INFORM,,
42_00016,SYSTEM,"For example a good hotel is Best Western Plus Las Vegas West, which is a 3 star hotel.",OFFER,,
42_00016,USER,"Can you tell me the phone number I can use to call them, and the address where I can find them?",REQUEST,,
42_00016,SYSTEM,"If you want to call them you can through +1 702-256-3766, and the address of the hotel is 8669 West Sahara Avenue.",INFORM,,
42_00016,USER,That suits me well.,SELECT,,
42_00016,SYSTEM,Do you want to proceed on booking a room at this hotel?,OFFER_INTENT,,
42_00016,USER,I would really like to book a room.,AFFIRM_INTENT,,
42_00016,SYSTEM,Can you tell me when you will be going there?,REQUEST,,
42_00016,USER,I will be going to sleep there next Monday.,INFORM,,
42_00016,SYSTEM,How many days are you going to stay there?,REQUEST,,
42_00016,USER,I will be needing the room for two days.,INFORM,,
42_00016,SYSTEM,Can you please confirm that you want to book 1 room for 2 days at the Best Western Plus Las Vegas West in Las Vegas for next Monday.,CONFIRM,,
42_00016,USER,"Actually it's not right, because I want to have two rooms and I will need the rooms for 1 day.",INFORM,,NEGATE
42_00016,SYSTEM,Can you once again confirm that you want to book 2 rooms for 1 day?,CONFIRM,,
42_00016,USER,That seems good to me.,AFFIRM,,
42_00016,SYSTEM,Your rooms have been booked.,NOTIFY_SUCCESS,,
42_00016,USER,"Can you tell me if the hotel has wifi, and how much it will be costing me per night?",REQUEST,,
42_00016,SYSTEM,"The room you want will be costing you $138 per night, and I am glad to confirm that the hotel has wifi.",INFORM,,
42_00016,USER,I appreciate it very much.,THANK_YOU,,
42_00016,SYSTEM,Is there something else I can help you with?,REQ_MORE,,
42_00016,USER,"Nothing, I am very thankful.",NEGATE,THANK_YOU,
42_00016,SYSTEM,Have a good time!,GOODBYE,,
42_00017,USER,Could you help me find a hotel room? I want to start looking at two star hotels.,INFORM,INFORM_INTENT,
42_00017,SYSTEM,What city did you want to search in?,REQUEST,,
42_00017,USER,Find me a hotel in NY.,INFORM,,
42_00017,SYSTEM,"How about 1 Hotel Brooklyn Bridge? It's a nice, 2 star hotel.",OFFER,,
42_00017,USER,"Does the hotel have WiFi? Also, give me its phone number.",REQUEST,,
42_00017,SYSTEM,"The phone number is +1 833-625-6111, and the hotel does have WiFi.",INFORM,,
42_00017,USER,Let's keep looking. What else is there?,REQUEST_ALTS,,
42_00017,SYSTEM,"Another nice, 2 star hotel option is 1 Hotel Central Park.",OFFER,,
42_00017,USER,Keep going. What else might I enjoy?,REQUEST_ALTS,,
42_00017,SYSTEM,There's also 11 Howard. It's a 2 star hotel too.,OFFER,,
42_00017,USER,"Okay, let's go with that. I'd like to make a reservation there.",INFORM_INTENT,SELECT,
42_00017,SYSTEM,How many days did you want a room for?,REQUEST,,
42_00017,USER,I just need the 1 day please.,INFORM,,
42_00017,SYSTEM,When were you wanting to check in?,REQUEST,,
42_00017,USER,"I'd like to check in next Wednesday. Also, I need two rooms.",INFORM,,
42_00017,SYSTEM,"Okay, let's confirm the details here. You'll be renting 2 rooms at 11 Howard in New York on next Wednesday. You'll be staying for 1 day.",CONFIRM,,
42_00017,USER,"No, I actually need 1 room. Sorry.",INFORM,NEGATE,
42_00017,SYSTEM,"No problem. So, the hotel in New York is just for the 1 room?",CONFIRM,,
42_00017,USER,"On second thought I want the check in date to be March 4th, and I'll be staying for two days.",INFORM,,NEGATE
42_00017,SYSTEM,"Okay, let's review then. The check in date is now next Monday, and you'll be staying for 2 days?",CONFIRM,,
42_00017,USER,"Yes, that would be great.",AFFIRM,,
42_00017,SYSTEM,"Alright, I have made the reservation.",NOTIFY_SUCCESS,,
42_00017,USER,Thank you. That's all I need for the moment.,THANK_YOU,GOODBYE,
42_00017,SYSTEM,Okay. Enjoy the rest of your day.,GOODBYE,,
42_00018,USER,Can you look for a room in a hotel?,INFORM_INTENT,,
42_00018,SYSTEM,What is your preferred city?,REQUEST,,
42_00018,USER,Search for the hotel in Paris.,INFORM,,
42_00018,SYSTEM,"There are 10 hotels according to your preference, One is Ac Hotel By Marriott Paris Porte Maillot and it is a 4 star hotel.",OFFER,,INFORM_COUNT
42_00018,USER,Can you find me the contact number and the price per night?,REQUEST,,
42_00018,SYSTEM,The phone number is +33 1 84 82 49 09 and the cost is $184 per night per room.,INFORM,,
42_00018,USER,Can you look for any other hotel?,REQUEST_ALTS,,
42_00018,SYSTEM,There is a nice 4 star hotel named as Amastan Paris.,OFFER,,
42_00018,USER,Can you look for any other 2 star hotel for 3 rooms?,INFORM,,REQUEST_ALTS
42_00018,SYSTEM,There is a nice 2 star hotel named as Aparthotel Adagio Access Paris La Villette.,OFFER,,
42_00018,USER,"Yes, That hotel sounds great to me.",SELECT,,
42_00018,SYSTEM,DO you want me to make a reservation at the hotel?,OFFER_INTENT,,
42_00018,USER,"Yes, Make a reservation for me.",AFFIRM_INTENT,,
42_00018,SYSTEM,What should I put in as check-in date?,REQUEST,,
42_00018,USER,Put the check-in date as Sunday this week.,INFORM,,
42_00018,SYSTEM,How many days for you want me to make the booking?,REQUEST,,
42_00018,USER,Please make the booking for 1 day.,INFORM,,
42_00018,SYSTEM,Please confirm: You want me to book 3 rooms for 1 day at Aparthotel Adagio Access Paris La Villette hotel in Paris and the check-in date is day after tomorrow.,CONFIRM,,
42_00018,USER,"Yes, That sounds great to me.",AFFIRM,,
42_00018,SYSTEM,Your reservation is successfully made and confirmed.,NOTIFY_SUCCESS,,
42_00018,USER,Okay. Thank you for your help.,THANK_YOU,,
42_00018,SYSTEM,Is there anything else I can help you with?,REQ_MORE,,
42_00018,USER,No. That will be all. Thank you.,NEGATE,THANK_YOU,
42_00018,SYSTEM,I am glad I could help. have a great day.,GOODBYE,,
42_00019,USER,Can you search for two rooms in a hotel?,INFORM,INFORM_INTENT,
42_00019,SYSTEM,Which city would you like me to search in?,REQUEST,,
42_00019,USER,"Can you look around London, England?",INFORM,,
42_00019,SYSTEM,There is a nice 5 star hotel named 45 Park Lane.,OFFER,,
42_00019,USER,Can you find me the address and the phone number?,REQUEST,,
42_00019,SYSTEM,The address and the phone number are 45 Park Lane and +44 20 7493 4545.,INFORM,,
42_00019,USER,"Yeah, That sounds a nice hotel to me. Can you help me making a reservation?",INFORM_INTENT,SELECT,
42_00019,SYSTEM,How many days will you stay there?,REQUEST,,
42_00019,USER,I will be staying for four days.,INFORM,,
42_00019,SYSTEM,What should i put in as the check-in date?,REQUEST,,
42_00019,USER,Put the check-in date as 3rd of March.,INFORM,,
42_00019,SYSTEM,Please confirm the details: You want me to make a reservation for 2 rooms in the hotel 45 Park Lane in London for 4 days. The check-in date is day after tomorrow.,CONFIRM,,
42_00019,USER,"Okay, That sounds great to me.",AFFIRM,,
42_00019,SYSTEM,Your reservation is successfully made and confirmed.,NOTIFY_SUCCESS,,
42_00019,USER,That will be all. Thank you.,THANK_YOU,GOODBYE,
42_00019,SYSTEM,I am glad I could help. Thank you.,GOODBYE,,
42_00020,USER,I want 1 room in a hotel.,INFORM,INFORM_INTENT,
42_00020,SYSTEM,What city should I look for a hotel in?,REQUEST,,
42_00020,USER,I want a hotel in London.,INFORM,,
42_00020,SYSTEM,I have found 10 hotels. How does 45 Park Lane sound? It is a 5 star hotel.,OFFER,,INFORM_COUNT
42_00020,USER,Are there any other hotel available?,REQUEST_ALTS,,
42_00020,SYSTEM,How does Abc Hyde Park Hotel sound? It is a 3 star hotel.,OFFER,,
42_00020,USER,Are there any 1 star hotels I might like?,INFORM,REQUEST_ALTS,
42_00020,SYSTEM,I have found 8 1 star hotels. How does Abercorn House sound?,OFFER,,INFORM_COUNT
42_00020,USER,What is the phone number?,REQUEST,,
42_00020,SYSTEM,Their phone number is +44 20 8563 8692.,INFORM,,
42_00020,USER,"That sounds good, I want to make a reservation for the hotel.",INFORM_INTENT,SELECT,
42_00020,SYSTEM,When do you want to check it. How long do you want to stay for?,REQUEST,,
42_00020,USER,I want to check in on the 1st and I want the room for four days.,INFORM,,
42_00020,SYSTEM,Please confirm: You want a reservation at Abercorn House. The check in date is today and the reservation is for 4 days in 1 room. The hotel is in London.,CONFIRM,,
42_00020,USER,No I want the room for 1 day and to check in on the 2nd.,INFORM,,NEGATE
42_00020,SYSTEM,Please confirm: The check in date is tomorrow and the reservation is for 1 day.,CONFIRM,,
42_00020,USER,Yes that works for me.,AFFIRM,,
42_00020,SYSTEM,Your reservation has been made.,NOTIFY_SUCCESS,,
42_00020,USER,Thank you for your help.,THANK_YOU,,
42_00020,SYSTEM,Do you want help with anything else?,REQ_MORE,,
42_00020,USER,"No, thank not right now.",NEGATE,THANK_YOU,
42_00020,SYSTEM,Have a good day.,GOODBYE,,
42_00021,USER,Can you find me 1 hotel room in Kuala Lumpur?,INFORM,,INFORM_INTENT
42_00021,SYSTEM,"I found 10 hotels for you. One of them is a nice, 5 star hotel called Alila Bangsar.",OFFER,,INFORM_COUNT
42_00021,USER,Did you find any other hotels?,REQUEST_ALTS,,
42_00021,SYSTEM,"Yes, I also found a 4 star hotel called Aloft Kuala Lumpur Sentral.",OFFER,,
42_00021,USER,Can you give me the room cost and the hotel phone number?,REQUEST,,
42_00021,SYSTEM,The room is $256 a night and the phone number is +60 3-2723 1188.,INFORM,,
42_00021,USER,Great!,SELECT,,
42_00021,SYSTEM,Would you like a reservation?,OFFER_INTENT,,
42_00021,USER,Yes. My check in date will be March 3rd.,AFFIRM_INTENT,INFORM,
42_00021,SYSTEM,How long will you be staying?,REQUEST,,
42_00021,USER,I am checking in later today and I need the room for 1 day.,INFORM,,
42_00021,SYSTEM,I will reserve 1 room at the Aloft Kuala Lumpur Sentral Hotel in Kuala Lumpur. Check in date is today. Is that correct?,CONFIRM,,
42_00021,USER,"Yes, that is fine.",AFFIRM,,
42_00021,SYSTEM,Reservation successful.,NOTIFY_SUCCESS,,
42_00021,USER,Can I have the address?,REQUEST,,
42_00021,SYSTEM,"No. 5, Jalan Stesen Sentral, 50470 Kuala Lumpur, Wilayah Persekutuan.",INFORM,,
42_00021,USER,Thanks.,THANK_YOU,,
42_00021,SYSTEM,Anything else?,REQ_MORE,,
42_00021,USER,"No, thank you.",NEGATE,THANK_YOU,
42_00021,SYSTEM,Have a nice day.,GOODBYE,,
42_00022,USER,I want a hotel room! Make it a two star hotel.,INFORM,INFORM_INTENT,
42_00022,SYSTEM,Which city would you like me to search in?,REQUEST,,
42_00022,USER,"How about London, UK!",INFORM,,
42_00022,SYSTEM,45 Park Lane is a good hotel and it is a 2 star hotel.,OFFER,,
42_00022,USER,What is the phone and address for this hotel?,REQUEST,,
42_00022,SYSTEM,The phone number is +44 20 7493 4545 and the address is 45 Park Lane.,INFORM,,
42_00022,USER,Are there other hotels I might be interested in?,REQUEST_ALTS,,
42_00022,SYSTEM,Abc Hyde Park Hotel is another 2 star hotel.,OFFER,,
42_00022,USER,What else is there?,REQUEST_ALTS,,
42_00022,SYSTEM,Accommodation London Bridge is another nice 2 star hotel.,OFFER,,
42_00022,USER,That sounds great.,SELECT,,
42_00022,SYSTEM,Would you like to book a room?,OFFER_INTENT,,
42_00022,USER,Yes please. It seems like a good place.,AFFIRM_INTENT,,
42_00022,SYSTEM,What is your check in date and how long do you plan on staying?,REQUEST,,
42_00022,USER,I want a room for one day and I plan to check in next Wednesday.,INFORM,,
42_00022,SYSTEM,Please confirm the reservation details: 1 room at Accommodation London Bridge in London. Your check-in date is next Wednesday.,CONFIRM,,
42_00022,USER,Yes that works just fine for me.,AFFIRM,,
42_00022,SYSTEM,Your reservation went through.,NOTIFY_SUCCESS,,
42_00022,USER,Thank you!,THANK_YOU,,
42_00022,SYSTEM,May I help you with another task?,REQ_MORE,,
42_00022,USER,"No, thanks again!",NEGATE,THANK_YOU,
42_00022,SYSTEM,Have a great evening!,GOODBYE,,
42_00023,USER,I am tired. Can you find me a hotel.,INFORM_INTENT,,
42_00023,SYSTEM,Which city shall I search in?,REQUEST,,
42_00023,USER,London please. And I just want one room.,INFORM,,
42_00023,SYSTEM,"I found a 5 star hotel, 45 Park Lane.",OFFER,,
42_00023,USER,Sounds great!,SELECT,,
42_00023,SYSTEM,Do you want a room?,OFFER_INTENT,,
42_00023,USER,"Yes, book a room please.",AFFIRM_INTENT,,
42_00023,SYSTEM,When do you plan on checking in? How many days should I make it for?,REQUEST,,
42_00023,USER,I want to check in on the 4th and please make the reservation for four days.,INFORM,,
42_00023,SYSTEM,Please confirm the reservation details: 1 room at 45 Park Lane in London for 4 days. Your check in date is next Monday.,CONFIRM,,
42_00023,USER,"Yep, that's it.",AFFIRM,,
42_00023,SYSTEM,Your reservation has been made.,NOTIFY_SUCCESS,,
42_00023,USER,What is the hotel address?,REQUEST,,
42_00023,SYSTEM,45 Park Lane.,INFORM,,
42_00023,USER,Thank you a bunch!,THANK_YOU,,
42_00023,SYSTEM,May I help you with something else?,REQ_MORE,,
42_00023,USER,"No, thanks again.",NEGATE,THANK_YOU,
42_00023,SYSTEM,Have an enjoyable rest of the day!,GOODBYE,,
42_00024,USER,"Hi, I'm looking for a hotel room with wifi.",INFORM,INFORM_INTENT,
42_00024,SYSTEM,Do you have a certain town or city in mind?,REQUEST,,
42_00024,USER,"Yes, I want SD.",INFORM,,
42_00024,SYSTEM,I have a great 3 star hotel call Bahia Resort Hotel.,OFFER,,
42_00024,USER,"Great, please reserve a room for me.",INFORM_INTENT,SELECT,
42_00024,SYSTEM,"Of course, when would you like to book it? How many days do you want?",REQUEST,,
42_00024,USER,I need to go later today. Can I get the room for four days?,INFORM,,
42_00024,SYSTEM,I am reserving a room for 1 in Bahia Resort Hotel today for a 4 day stay. The hotel is in San Diego California.,CONFIRM,,
42_00024,USER,That's perfect. Please give me the contact information and address.,REQUEST,,AFFIRM
42_00024,SYSTEM,"Sure, call them at +1 858-539-8666. It is located at 998 West Mission Bay Drive.",INFORM,,NOTIFY_SUCCESS
42_00024,USER,"That seems perfect, thanks.",THANK_YOU,,
42_00024,SYSTEM,Do you need anything else?,REQ_MORE,,
42_00024,USER,"not at all, thanks.",NEGATE,THANK_YOU,
42_00024,SYSTEM,Enjoy your visit to San Diego.,GOODBYE,,
42_00025,USER,I need a hotel room.,INFORM_INTENT,,
42_00025,SYSTEM,In which city?,REQUEST,,
42_00025,USER,I need a room in Toronto.,INFORM,,
42_00025,SYSTEM,"I found a 3 star hotel, the Best Western Plus Toronto North York Hotel & Suites.",OFFER,,
42_00025,USER,What else did you find?,REQUEST_ALTS,,
42_00025,SYSTEM,Another 3 star is the Best Western Primrose Hotel Downtown-Toronto.,OFFER,,
42_00025,USER,Does it have wifi? What is the number?,REQUEST,,
42_00025,SYSTEM,They do not have wifi. The phone number is +1 800-780-7234.,INFORM,,
42_00025,USER,That sounds good.,SELECT,,
42_00025,SYSTEM,Can I do anything else for you?,REQ_MORE,,
42_00025,USER,I want to make a reservation for 2 room for 1 day.,INFORM,,INFORM_INTENT
42_00025,SYSTEM,What date will you check in?,REQUEST,,
42_00025,USER,On the 1st of this month.,INFORM,,
42_00025,SYSTEM,"I have the Best Western Primrose Hotel Downtown-Toronto for today, staying 1 day, 2 rooms in Toronto. Is that correct?",CONFIRM,,
42_00025,USER,No I want to check in on March 2nd and stay for 2 days.,INFORM,,NEGATE
42_00025,SYSTEM,"Check in tomorrow and staying for 2 days, is that correct?",CONFIRM,,
42_00025,USER,No I need 1 room.,INFORM,NEGATE,
42_00025,SYSTEM,"Check in tomorrow for 1 room, is that correct?",CONFIRM,,
42_00025,USER,Yes that is great. What is the address? How much is the cost?,REQUEST,,AFFIRM
42_00025,SYSTEM,"It is $186 per night, the address is 111 Carlton Street. Your reservation was successful.",INFORM,,NOTIFY_SUCCESS
42_00025,USER,Thank you!,THANK_YOU,,
42_00025,SYSTEM,Can I do anything else for you?,REQ_MORE,,
42_00025,USER,"No, thank you.",NEGATE,THANK_YOU,
42_00025,SYSTEM,Have a great day!,GOODBYE,,
42_00026,USER,I need a room in a two star hotel,INFORM,INFORM_INTENT,
42_00026,SYSTEM,In which city?,REQUEST,,
42_00026,USER,"A hotel in Los Angeles, please",INFORM,,
42_00026,SYSTEM,There are 10 hotels: Ac Hotel By Marriott Beverly Hills is a 2 star hotel.,OFFER,,INFORM_COUNT
42_00026,USER,Do you have any other suggestions?,REQUEST_ALTS,,
42_00026,SYSTEM,Best Western Plus Dragon Gate Inn: this is also a 2 star hotel,OFFER,,
42_00026,USER,"I would like other proposals, thanks",REQUEST_ALTS,,
42_00026,SYSTEM,"What about Beverly Hills Marriott, 2 star hotel?",OFFER,,
42_00026,USER,"Yes, I like it. I want to reserve a room",INFORM_INTENT,SELECT,
42_00026,SYSTEM,For how many days? What is your check in day?,REQUEST,,
42_00026,USER,A room for 4 days. Check in date: 1st of this month,INFORM,,
42_00026,SYSTEM,1 room for 4 days in Beverly Hills Marriott in Los Angeles from today: It's correct?,CONFIRM,,
42_00026,USER,"Yes, it's correct",AFFIRM,,
42_00026,SYSTEM,Your room has been booked,NOTIFY_SUCCESS,,
42_00026,USER,Thank you so much!,THANK_YOU,,
42_00026,SYSTEM,You need anything else?,REQ_MORE,,
42_00026,USER,"No, thanks, it's all",NEGATE,THANK_YOU,
42_00026,SYSTEM,Have a nice day,GOODBYE,,
42_00027,USER,I need a hotel room.,INFORM_INTENT,,
42_00027,SYSTEM,What city are you looking for?,REQUEST,,
42_00027,USER,I want one room in a one star hotel in Chi-town.,INFORM,,
42_00027,SYSTEM,What do you think of the 1 star hotel by the name of Ac Hotel by Marriott Chicago Downtown?,OFFER,,
42_00027,USER,Can you find something else? I need 3 rooms and wifi.,INFORM,,REQUEST_ALTS
42_00027,SYSTEM,What about Ace Hotel Chicago? It is 1 star hotel.,OFFER,,
42_00027,USER,"Yes, that will work.",SELECT,,
42_00027,SYSTEM,Do you want to make a reservation now?,OFFER_INTENT,,
42_00027,USER,"Yes, make a reservation for me.",AFFIRM_INTENT,,
42_00027,SYSTEM,How many days do you need?,REQUEST,,
42_00027,USER,I need a 4 day reservation.,INFORM,,
42_00027,SYSTEM,What day are you arriving?,REQUEST,,
42_00027,USER,I am arriving Wednesday next week.,INFORM,,
42_00027,SYSTEM,You want a reservation for 3 rooms for 4 days at the Ace Hotel Chicago in Chicago starting next Wednesday. Is that correct?,CONFIRM,,
42_00027,USER,"No, I want to check in Sunday this week and the reservation is for 2 days.",INFORM,,NEGATE
42_00027,SYSTEM,You want to arrive the day after tomorrow and stay for 2 days. Is that right?,CONFIRM,,
42_00027,USER,"Yes, that is correct.",AFFIRM,,
42_00027,SYSTEM,Your reservation has been booked.,NOTIFY_SUCCESS,,
42_00027,USER,Thanks a lot.,THANK_YOU,,
42_00027,SYSTEM,Do you need something else?,REQ_MORE,,
42_00027,USER,"No, that is all. Thanks.",NEGATE,THANK_YOU,
42_00027,SYSTEM,Have a wonderful day.,GOODBYE,,
42_00028,USER,"I need to rent out a hotel room, a three star one should be good.",INFORM,,INFORM_INTENT
42_00028,SYSTEM,Which city should I look for a hotel in?,REQUEST,,
42_00028,USER,Look in London,INFORM,,
42_00028,SYSTEM,"I found 10 hotels, 45 Park Lane is a nice 3 star hotel.",OFFER,,INFORM_COUNT
42_00028,USER,Are there any others I might like?,REQUEST_ALTS,,
42_00028,SYSTEM,Abc Hyde Park hotel is another nice 3 star hotel.,OFFER,,
42_00028,USER,Hmm... any others?,REQUEST_ALTS,,
42_00028,SYSTEM,How about Accommodation London Bridge? It's a 3 star hotel too.,OFFER,,
42_00028,USER,What's the address?,REQUEST,,
42_00028,SYSTEM,The address is 58 Great Dover Street.,INFORM,,
42_00028,USER,How much is it per night? Also does it have wifi?,REQUEST,,
42_00028,SYSTEM,"The room costs $351 per night Unfortunately, it doesn't have wifi.",INFORM,,
42_00028,USER,Alright that sounds good.,SELECT,,
42_00028,SYSTEM,Would you like to reserve a room?,OFFER_INTENT,,
42_00028,USER,Yeah book me a room.,AFFIRM_INTENT,,
42_00028,SYSTEM,When are you going to check in and for how long?,REQUEST,,
42_00028,USER,"Just one day, on the 6th of this month.",INFORM,,
42_00028,SYSTEM,"Ok, I'll book a room for Accommodation London Bridge in London next Wednesday for 1 day, is that okay?",CONFIRM,,
42_00028,USER,"Actually no, I'll be staying for three days starting on the 5th of March.",INFORM,,NEGATE
42_00028,SYSTEM,"Ok, I'll book the room next Tuesday for 3 days, is that okay?",CONFIRM,,
42_00028,USER,"Yeah thats perfect, what was their phone number?",REQUEST,AFFIRM,
42_00028,SYSTEM,Reservation made. Their phone number is +44 20 7403 4299,INFORM,NOTIFY_SUCCESS,
42_00028,USER,"Awesome, thanks a bunch.",THANK_YOU,,
42_00028,SYSTEM,No problem. May I assist you with anything else?,REQ_MORE,,
42_00028,USER,"No thats all, thanks.",NEGATE,THANK_YOU,
42_00028,SYSTEM,Have a good day.,GOODBYE,,
42_00029,USER,Please help me find a room in a 2 star hotel.,INFORM,INFORM_INTENT,
42_00029,SYSTEM,In which city should I look for the hotel?,REQUEST,,
42_00029,USER,I'd like a hotel in LA.,INFORM,,
42_00029,SYSTEM,"Ac Hotel by Marriott Beverly Hills is a good, 2 start hotel.",OFFER,,
42_00029,USER,"Yes, sounds perfect.",SELECT,,
42_00029,SYSTEM,Will there be anything else?,REQ_MORE,,
42_00029,USER,I'd like to make a hotel reservation.,INFORM_INTENT,,
42_00029,SYSTEM,Please let me have your check in date and the number of days you'd like the reservations for.,REQUEST,,
42_00029,USER,"I'd like to check into the room on the 3rd of this month, for 1 day.",INFORM,,
42_00029,SYSTEM,"Let me see if I got everything correctly: You'd like to reserve 1 room, for one day, at the Ac Hotel By Marriott Beverly Hills in Los Angeles. You'll be checking in the day after tomorrow. Is that correct?",CONFIRM,,
42_00029,USER,Yes. Sounds good.,AFFIRM,,
42_00029,SYSTEM,I have successfully made your reservation.,NOTIFY_SUCCESS,,
42_00029,USER,Thanks a lot.,THANK_YOU,,
42_00029,SYSTEM,Anything else I can help you with?,REQ_MORE,,
42_00029,USER,No. Thanks a lot.,NEGATE,THANK_YOU,
42_00029,SYSTEM,Have a nice day.,GOODBYE,,
42_00030,USER,I want to stay in a hotel for a business purpose. Can you find a suitable one?,INFORM_INTENT,,
42_00030,SYSTEM,In which city you want hotel facility?,REQUEST,,
42_00030,USER,"One in Phoenix, AZ.",INFORM,,
42_00030,SYSTEM,3 Star hotel Aloft Phoenix-Airport is available along with 10 such others.,OFFER,,INFORM_COUNT
42_00030,USER,What is its phone number?,REQUEST,,
42_00030,SYSTEM,It is +1 602-275-6300,INFORM,,
42_00030,USER,"I need a hotel with wifi facility, look for that please.",INFORM,REQUEST_ALTS,
42_00030,SYSTEM,Then 4 star hotel Arizona Grand Resort & Spa will be nice for you.,OFFER,,
42_00030,USER,"Good, that may be ok.",SELECT,,
42_00030,SYSTEM,You need reservation?,OFFER_INTENT,,
42_00030,USER,Yeah. Book for four days from 3rd of this month.,AFFIRM_INTENT,INFORM,
42_00030,SYSTEM,"Ok, the bookings details are, 1 room in hotel Arizona Grand Resort & Spa, from day after tomorrow for 4 days in Phoenix",CONFIRM,,
42_00030,USER,yes the details found correct.,AFFIRM,,
42_00030,SYSTEM,You have got successful reservation.,NOTIFY_SUCCESS,,
42_00030,USER,"Great, thank you.",THANK_YOU,,
42_00030,SYSTEM,Do you need any other help?,REQ_MORE,,
42_00030,USER,No. thank you very much.,NEGATE,THANK_YOU,
42_00030,SYSTEM,Have a great day.,GOODBYE,,
42_00031,USER,"I need a room in a hotel to spend the night at, and I would like for the hotel to be in Delhi.",INFORM,INFORM_INTENT,
42_00031,SYSTEM,Aloft New Delhi Aerocity seems as a good hotel to stay in and it is a 4 star one.,OFFER,,
42_00031,USER,Can you see if other hotels suit to what I want? I need to have 3 rooms.,INFORM,REQUEST_ALTS,
42_00031,SYSTEM,Andaz Delhi - A Concept By Hyatt seems as a comfortable hotel to stay in and I can see that it has 5 stars.,OFFER,,
42_00031,USER,Can you tell me the price per night? What is the address of their location?,REQUEST,,
42_00031,SYSTEM,"The hotel is situated at Asset, Street Number 1, New Delhi and the room will be costing you $390 per night.",INFORM,,
42_00031,USER,"Alright, that seems nice.",SELECT,,
42_00031,SYSTEM,Do you want to book a room at this hotel?,OFFER_INTENT,,
42_00031,USER,"I want to book a room in this specific hotel, and I will be going there on 1st of March.",AFFIRM_INTENT,INFORM,
42_00031,SYSTEM,Can you tell me how many days you want the reservation to be?,REQUEST,,
42_00031,USER,I would like to have the room for four days.,INFORM,,
42_00031,SYSTEM,Can you confirm that you want to stay at a hotel in Delhi called Andaz Delhi - A Concept By Hyatt for 4 days. You will be going there today and you need 3 rooms.,CONFIRM,,
42_00031,USER,That seems as what I want. Can you give me the phone number I can contact them with?,REQUEST,AFFIRM,
42_00031,SYSTEM,"Your booking has been made. If you want to phone them, you can through +91 11 4903 1234.",INFORM,NOTIFY_SUCCESS,
42_00031,USER,I appreciate it very much. That would be all for the moment.,THANK_YOU,GOODBYE,
42_00031,SYSTEM,Have a good time!,GOODBYE,,
42_00032,USER,"I need to sleep somewhere so I would like for you to find me 1 room at a hotel in London, England.",INFORM,,INFORM_INTENT
42_00032,SYSTEM,"There are 10 hotels which match what you might want. A comfortable hotel is found at 45 Park Lane, and it is a 5 star hotel.",OFFER,,INFORM_COUNT
42_00032,USER,Can you suggest some other hotels which I might like to stay in?,REQUEST_ALTS,,
42_00032,SYSTEM,Another good hotel is the Abc Hyde Park Hotel and it is a 3 star hotel.,OFFER,,
42_00032,USER,I would like to know if some other hotels are available for me.,REQUEST_ALTS,,
42_00032,SYSTEM,You might consider Abercorn House which is a good hotel even though it is a 1 star hotel.,OFFER,,
42_00032,USER,Alright this one seems nice.,SELECT,,
42_00032,SYSTEM,Do you want to book a room at this hotel?,OFFER_INTENT,,
42_00032,USER,"I want to stay in this hotel so you can make the booking for a room, which I will need for four days.",AFFIRM_INTENT,INFORM,
42_00032,SYSTEM,Can you tell me when you will be going there?,REQUEST,,
42_00032,USER,I will be going there on the 1st.,INFORM,,
42_00032,SYSTEM,"Can you please confirm to me that you want to book a room for 1 person, for 4 days, at the Abercorn House in London. Also you will be going at this hotel today.",CONFIRM,,
42_00032,USER,That suits me well. Can you tell me how much the night will be costing me at this hotel? What phone number can I use to contact them?,REQUEST,,AFFIRM
42_00032,SYSTEM,Your room has been booked. If you want to phone them you can through +44 20 8563 8692. The room will be costing you $58 per night.,INFORM,,NOTIFY_SUCCESS
42_00032,USER,I appreciate it. That would be all.,THANK_YOU,GOODBYE,
42_00032,SYSTEM,Have a good time!,GOODBYE,,
42_00033,USER,"Me and my friend are planning a trip, can you help me find a hotel?",INFORM_INTENT,,
42_00033,SYSTEM,"Sure, where are you going to for your trip?",REQUEST,,
42_00033,USER,We're going to NYC,INFORM,,
42_00033,SYSTEM,"Okay, I've found a 4 star hotel called 1 Hotel Brooklyn Bridge",OFFER,,
42_00033,USER,Is there anything else? Can you look at 1 stars?,INFORM,REQUEST_ALTS,
42_00033,SYSTEM,"Sure. How about 1 Hotel Central Park, it's a 1 star and seems nice",OFFER,,
42_00033,USER,Anything else? I only need the 1 room,INFORM,REQUEST_ALTS,
42_00033,SYSTEM,Well I've found 8 for you. There's a 1 star hotel called 11 Howard which looks good,OFFER,,INFORM_COUNT
42_00033,USER,Does it have Wifi? Can you grab the phone number for me?,REQUEST,,
42_00033,SYSTEM,"Sure, the number is +1 212-235-1111. And yes, the hotel has wifi",INFORM,,
42_00033,USER,"Cool, I like the sound of that one",SELECT,,
42_00033,SYSTEM,Do you want me to book a room?,OFFER_INTENT,,
42_00033,USER,"Yes please, I need to check in on March 6th",AFFIRM_INTENT,INFORM,
42_00033,SYSTEM,And how many days are you staying?,REQUEST,,
42_00033,USER,"Just the 1 day I think, I need to check in Monday next week",INFORM,,
42_00033,SYSTEM,"Great, are you happy for me to book a room for 1 day next Monday at the 11 Howard in New York?",CONFIRM,,
42_00033,USER,Actually can you make it 2 days?,INFORM,NEGATE,
42_00033,SYSTEM,Of course. Happy for me to book 1 room for 2 days?,CONFIRM,,
42_00033,USER,Yes please,AFFIRM,,
42_00033,SYSTEM,"Great, I've booked the room for you",NOTIFY_SUCCESS,,
42_00033,USER,"Lovely, thank you!",THANK_YOU,,
42_00033,SYSTEM,Anything else I can help with?,REQ_MORE,,
42_00033,USER,"No thank you, that was all",NEGATE,THANK_YOU,
42_00033,SYSTEM,"No problem, have a lovely day",GOODBYE,,
42_00034,USER,I need a hotel room,INFORM_INTENT,,
42_00034,SYSTEM,In which city?,REQUEST,,
42_00034,USER,I need a hotel in LA,INFORM,,
42_00034,SYSTEM,"I found Ac Hotel By Marriott Beverly Hills, a 2 star hotel",OFFER,,
42_00034,USER,How much does the room cost?,REQUEST,,
42_00034,SYSTEM,It costs $138 per night,INFORM,,
42_00034,USER,Can you give me the hotel address?,REQUEST,,
42_00034,SYSTEM,6399 Wilshire Boulevard,INFORM,,
42_00034,USER,"Ok, thank you. Book two rooms in this hotel",INFORM,INFORM_INTENT,SELECT
42_00034,SYSTEM,What is the arrival date? How many days of stay?,REQUEST,,
42_00034,USER,"Check in this Sunday, for one days.",INFORM,,
42_00034,SYSTEM,"2 rooms for 1 day at Ac Hotel By Marriott Beverly Hills in Los Angeles, the check in is day after tomorrow: do you confirm?",CONFIRM,,
42_00034,USER,"Yes, It's correct",AFFIRM,,
42_00034,SYSTEM,The rooms have been booked,NOTIFY_SUCCESS,,
42_00034,USER,Thank you so much,THANK_YOU,GOODBYE,
42_00034,SYSTEM,Have a nice day!,GOODBYE,,
42_00035,USER,I am leaving on a trip soon and I need to find a hotel room.,INFORM_INTENT,,
42_00035,SYSTEM,In which city are you looking for a room?,REQUEST,,
42_00035,USER,"I will be needing a room in Anaheim, CA.",INFORM,,
42_00035,SYSTEM,"There are 10 hotels that suit your needs.The Anaheim Desert Inn and Suites is one option, it has a 2 star rating.",OFFER,,INFORM_COUNT
42_00035,USER,"I am searching for a a hotel room in London, UK. Are there any other suitable hotels available?",INFORM,REQUEST_ALTS,
42_00035,SYSTEM,Yes. there are 10 hotels available. Another option is a 5 star hotel called 45 Park Lane.,OFFER,,INFORM_COUNT
42_00035,USER,What is the nightly room cost and do they offer wifi?,REQUEST,,
42_00035,SYSTEM,"Unfortunately, this hotel does not have wifi. They charge $190 for one room per night.",INFORM,,
42_00035,USER,"That works for me, I can use some time away from the internet. I want to go ahead and make the reservation.",INFORM_INTENT,SELECT,
42_00035,SYSTEM,When will you be checking in and how long will you be staying?,REQUEST,,
42_00035,USER,I'll be needing 1 room for two days and I'll be checking in on March 4th.,INFORM,,
42_00035,SYSTEM,You would like to make a 1 room reservation for 2 days at the 45 Park Lane hotel in London. You will be checking in next Monday. Is that correct?,CONFIRM,,
42_00035,USER,"No, not quite. I need to book 3 rooms.",INFORM,NEGATE,
42_00035,SYSTEM,"You would like to book 3 rooms with a check in date of next Monday, is that correct?",CONFIRM,,
42_00035,USER,"Yes, that is correct. Can you give me their address?",REQUEST,AFFIRM,
42_00035,SYSTEM,Your reservation has been placed. You can find them at 45 Park Lane.,INFORM,NOTIFY_SUCCESS,
42_00035,USER,Do you have a contact number?,REQUEST,,
42_00035,SYSTEM,You can reach them at +44 20 7493 4545.,INFORM,,
42_00035,USER,"Thank you, that is everything.",THANK_YOU,GOODBYE,
42_00035,SYSTEM,My pleasure. Have a great day.,GOODBYE,,
42_00036,USER,I want you to find a hotel for me with wifi. Wifi is a must.,INFORM,INFORM_INTENT,
42_00036,SYSTEM,In which city would you like me to look?,REQUEST,,
42_00036,USER,I want a hotel in SD.,INFORM,,
42_00036,SYSTEM,There is a 3 star hotel named Bahia Resort Hotel.,OFFER,,
42_00036,USER,Is there anything else? I would prefer 1 room in a two star hotel.,INFORM,,REQUEST_ALTS
42_00036,SYSTEM,There are 9 options suitable. There is Best Western Mission Bay and it is 2 stars.,OFFER,,INFORM_COUNT
42_00036,USER,Is there anything else available? I prefer to stay at a 1 star hotel.,INFORM,REQUEST_ALTS,
42_00036,SYSTEM,There are 8 suitable hotels. Best Western Plus Bayside Inn is a 1 star hotel that you might be interested in.,OFFER,,INFORM_COUNT
42_00036,USER,That seems ok,SELECT,,
42_00036,SYSTEM,Should I go ahead and reserve a room for you?,OFFER_INTENT,,
42_00036,USER,"Yes, I would like to make a reservation.",AFFIRM_INTENT,,
42_00036,SYSTEM,How many days would you like the booking to be for?,REQUEST,,
42_00036,USER,I would be staying for three days.,INFORM,,
42_00036,SYSTEM,When would you like to check in?,REQUEST,,
42_00036,USER,I am planning to do so on the 3rd.,INFORM,,
42_00036,SYSTEM,I would like to confirm the following information: reservations for 1 room at Best Western Plus Bayside Inn in San Diego for 3 days with the day after tomorrow being the check in date.,CONFIRM,,
42_00036,USER,I want to check in on the 2nd and I need the room for 1 day.,INFORM,,NEGATE
42_00036,SYSTEM,"I would like to confirm the following information: you want a reservation for 1 day, checking in tomorrow.",CONFIRM,,
42_00036,USER,That would be just fine.,AFFIRM,,
42_00036,SYSTEM,I have made the reservation.,NOTIFY_SUCCESS,,
42_00036,USER,I appreciate your assistance.,THANK_YOU,,
42_00036,SYSTEM,Is there anything else I can assist you with?,REQ_MORE,,
42_00036,USER,"No, you have been very helpful",NEGATE,THANK_YOU,
42_00036,SYSTEM,Enjoy your day.,GOODBYE,,
42_00037,USER,I am going on a short break and need a hotel room.,INFORM_INTENT,,
42_00037,SYSTEM,Which city are you travelling to?,REQUEST,,
42_00037,USER,I am going to SFO.,INFORM,,
42_00037,SYSTEM,There is a 1 star hotel called Amsterdam Hostel San Francisco.,OFFER,,
42_00037,USER,"I need the hotel to have wifi, are there any other options?",INFORM,REQUEST_ALTS,
42_00037,SYSTEM,There is a 4 star hotel called Argonaut Hotel.,OFFER,,
42_00037,USER,Anything else you could suggest?,REQUEST_ALTS,,
42_00037,SYSTEM,Yes there is a 2 star called Beck'S Motor Lodge.,OFFER,,
42_00037,USER,Where is it and what is the price?,REQUEST,,
42_00037,SYSTEM,The address is 2222 Market Street and costs $50 per night.,INFORM,,
42_00037,USER,Yes that sounds perfect.,SELECT,,
42_00037,SYSTEM,Would you like me to book a room for you?,OFFER_INTENT,,
42_00037,USER,Yes please I would like to book it.,AFFIRM_INTENT,,
42_00037,SYSTEM,For date and how many days?,REQUEST,,
42_00037,USER,2 days please starting on the 11th.,INFORM,,
42_00037,SYSTEM,"To confirm then you want 1 room at Beck'S Motor Lodge, San Francisco for 2 nights from March 11th.",CONFIRM,,
42_00037,USER,Yes that is correct. What is their telephone number?,REQUEST,AFFIRM,
42_00037,SYSTEM,Your booking is successful and their telephone number +1 415-621-8212.,INFORM,NOTIFY_SUCCESS,
42_00037,USER,Thank you that is everything for now.,THANK_YOU,GOODBYE,
42_00037,SYSTEM,Have a lovely day.,GOODBYE,,
42_00038,USER,"I need to find a hotel in London, UK.",INFORM,INFORM_INTENT,
42_00038,SYSTEM,I have 10 options for you. 45 Park Lane is a nice 5 star.,OFFER,,INFORM_COUNT
42_00038,USER,What is the cost per night and whats the address?,REQUEST,,
42_00038,SYSTEM,Its located at 45 Park lane. It s $190 per night.,INFORM,,
42_00038,USER,What other options do you have for me?,REQUEST_ALTS,,
42_00038,SYSTEM,Abc Hyde Park Hotel is a nice 3 star.,OFFER,,
42_00038,USER,Can you show me another option for 1 room.,INFORM,REQUEST_ALTS,
42_00038,SYSTEM,Abercorn House is a nice 1 star.,OFFER,,
42_00038,USER,That one sounds great. I want to book the room checking in March 1st.,INFORM,INFORM_INTENT,SELECT
42_00038,SYSTEM,How many nights will you be staying?,REQUEST,,
42_00038,USER,I need it for 1 night?,INFORM,,
42_00038,SYSTEM,Making a reservation for 1 room today at the Abercorn House in London. Is that correct?,CONFIRM,,
42_00038,USER,Nope I need it for 2 days.,INFORM,NEGATE,
42_00038,SYSTEM,The reservation is for 1 room for 2 days. Is that correct?,CONFIRM,,
42_00038,USER,Yes that is good. Whats the number and does it have wifi?,REQUEST,,AFFIRM
42_00038,SYSTEM,Your reservation is confirmed. Their number is +44 20 8563 8692 and they do not have WiFi.,INFORM,,NOTIFY_SUCCESS
42_00038,USER,Thank you.,THANK_YOU,,
42_00038,SYSTEM,Is there something else I can help with,REQ_MORE,,
42_00038,USER,No that will be all.,NEGATE,THANK_YOU,
42_00038,SYSTEM,Have an awesome day!,GOODBYE,,
42_00039,USER,I need to find a hotel room.,INFORM_INTENT,,
42_00039,SYSTEM,I can help you with that. In what city?,REQUEST,,
42_00039,USER,"I am looking in Seattle, WA.",INFORM,,
42_00039,SYSTEM,I have 10 hotels that you may like. How about Ace Hotel Seattle? It has a 2 star rating.,OFFER,,INFORM_COUNT
42_00039,USER,"No, I want a one star hotel with wifi. What else is available?",INFORM,,REQUEST_ALTS
42_00039,SYSTEM,I have 9 hotels that may suit you. Belltown Inn is a 1 star hotel. How about that one?,OFFER,,INFORM_COUNT
42_00039,USER,"What is the nightly rate? Also, what is the phone number?",REQUEST,,
42_00039,SYSTEM,That room is $132 per night. The phone number is +1 866-525-4704.,INFORM,,
42_00039,USER,Are there any other hotels which I might like?,REQUEST_ALTS,,
42_00039,SYSTEM,Another 1 star hotel is Best Western Plus Pioneer Square Hotel Downtown. Would you like that one?,OFFER,,
42_00039,USER,"Yes, that's good.",SELECT,,
42_00039,SYSTEM,Do you want to reserve a room now?,OFFER_INTENT,,
42_00039,USER,"Yes, please. I need 2 rooms.",AFFIRM_INTENT,INFORM,
42_00039,SYSTEM,When is your check-in date?,REQUEST,,
42_00039,USER,"Sorry, please make that one room for Monday next week.",INFORM,,
42_00039,SYSTEM,How many days will you be staying?,REQUEST,,
42_00039,USER,I need the room for four days.,INFORM,,
42_00039,SYSTEM,"Ok, please confirm: you are reserving 1 room for 4 days at Best Western Plus Pioneer Square Hotel Downtown, in Seattle. Your check-in date will be next Monday.",CONFIRM,,
42_00039,USER,"No, sorry, change that please. I want to check in on March 5th for one day.",INFORM,,NEGATE
42_00039,SYSTEM,"Please confirm: you're reserving a room for 1 day, checking in on next Tuesday.",CONFIRM,,
42_00039,USER,"Yes, that's it. What is the phone number?",REQUEST,AFFIRM,
42_00039,SYSTEM,Your reservation has been made. Their phone number is +1 206-340-1234.,INFORM,NOTIFY_SUCCESS,
42_00039,USER,Thanks for all your help! That's all I needed.,THANK_YOU,GOODBYE,
42_00039,SYSTEM,Have a great day.,GOODBYE,,
42_00040,USER,I need to get a room at a 1 star hotel.,INFORM,INFORM_INTENT,
42_00040,SYSTEM,Which city are you looking at?,REQUEST,,
42_00040,USER,I'll be staying in KL.,INFORM,,
42_00040,SYSTEM,There are 10 suitable hotels. I would like to recommend the Alila Bangsar Hotel. It is a lovely 1 star hotel.,OFFER,,INFORM_COUNT
42_00040,USER,Where is it located? Can I get a contact number?,REQUEST,,
42_00040,SYSTEM,"The address is East Side, 58, Jalan Ang Seng, Brickfields, 50470 and the number is +60 3-2268 3888.",INFORM,,
42_00040,USER,That would be awesome. I need a room for 3 days.,INFORM,INFORM_INTENT,SELECT
42_00040,SYSTEM,When do you want to check in?,REQUEST,,
42_00040,USER,Sunday this week.,INFORM,,
42_00040,SYSTEM,"I would like to confirm the following information: a reservation for 1 room for 3 days at the Alila Bangsar in Kuala Lumpur, checking in the day after tomorrow.",CONFIRM,,
42_00040,USER,That would be great.,AFFIRM,,
42_00040,SYSTEM,I have made the reservation.,NOTIFY_SUCCESS,,
42_00040,USER,Thanks a lot.,THANK_YOU,,
42_00040,SYSTEM,Is there anything else you need assistance with?,REQ_MORE,,
42_00040,USER,No. Thanks a lot.,NEGATE,THANK_YOU,
42_00040,SYSTEM,Enjoy your day.,GOODBYE,,
42_00041,USER,I am looking for one hotel room.,INFORM,INFORM_INTENT,
42_00041,SYSTEM,In what city would you like me to search for a hotel?,REQUEST,,
42_00041,USER,"I would like to find a hotel in London, UK.",INFORM,,
42_00041,SYSTEM,There are 10 hotels in that area. The 45 Park Lane is a 5 star hotel.,OFFER,,INFORM_COUNT
42_00041,USER,What is the hotel's phone number?,REQUEST,,
42_00041,SYSTEM,The phone number is +44 20 7493 4545.,INFORM,,
42_00041,USER,Please make a reservation at this hotel.,INFORM_INTENT,SELECT,
42_00041,SYSTEM,When will you be checking in and for how many days?,REQUEST,,
42_00041,USER,I will be staying 2 days and checking in next Monday.,INFORM,,
42_00041,SYSTEM,I have reserved 1 room starting next Monday at the 45 Park Lane in London and staying for 2 days.,CONFIRM,,
42_00041,USER,That is correct. Is there wifi available at this hotel?,REQUEST,AFFIRM,
42_00041,SYSTEM,This hotel does not have wifi. Your reservation has been confirmed.,INFORM,NOTIFY_SUCCESS,
42_00041,USER,Thank you for your assistance. That is all I need at thit time.,THANK_YOU,GOODBYE,
42_00041,SYSTEM,Have a great day!,GOODBYE,,
42_00042,USER,I need to book a hotel room.,INFORM_INTENT,,
42_00042,SYSTEM,Sure. What city do you need a hotel in?,REQUEST,,
42_00042,USER,"I need a room in London, England.",INFORM,,
42_00042,SYSTEM,"There are 10 such hotels, including a 5 star one at 45 Park Lane.",OFFER,,INFORM_COUNT
42_00042,USER,5 star? That's just what I'm looking for.,SELECT,,
42_00042,SYSTEM,Do you want me to reserve you a room?,OFFER_INTENT,,
42_00042,USER,"Yes, that would be great.",AFFIRM_INTENT,,
42_00042,SYSTEM,When will you be checking in? And how long will you be staying for?,REQUEST,,
42_00042,USER,I'll be checking in next Monday and will stay for just one day.,INFORM,,
42_00042,SYSTEM,A reservation for 1 room at 45 Park Lane in London scheduled for next Monday. Is that correct?,CONFIRM,,
42_00042,USER,"Yes, that's fine.",AFFIRM,,
42_00042,SYSTEM,Your room has been booked.,NOTIFY_SUCCESS,,
42_00042,USER,Thanks a lot.,THANK_YOU,,
42_00042,SYSTEM,Do you want anything else?,REQ_MORE,,
42_00042,USER,"No, that's all. Thanks.",NEGATE,THANK_YOU,
42_00042,SYSTEM,Have a nice day.,GOODBYE,,
42_00043,USER,"I need to attend a meeting, that meeting is going to be held soon. will you search for a room in a hotel?",INFORM_INTENT,,
42_00043,SYSTEM,Which city do you prefer for hotel room reservation?,REQUEST,,
42_00043,USER,Please check hotel in the city Philadelphia.,INFORM,,
42_00043,SYSTEM,In philadelphia i found 10 hotels match your criteria and One hotel name is Aka University City is a very nice 3 star hotel.,OFFER,,INFORM_COUNT
42_00043,USER,Whether any other hotels which match my requirements? I need 1 rooms.,INFORM,REQUEST_ALTS,
42_00043,SYSTEM,Another hotel which match your criteria is Aloft Philadelphia Airport and that is also a 3 star nice hotel.,OFFER,,
42_00043,USER,Will you please tell me some other hotels ?,REQUEST_ALTS,,
42_00043,SYSTEM,Aloft Philadelphia Downtown is also there which is 3 star hotel.,OFFER,,
42_00043,USER,ok will you give me its Phone Number?,REQUEST,,
42_00043,SYSTEM,Its phone number is +1 215-607-2020.,INFORM,,
42_00043,USER,Please tell its address and its costs per night?,REQUEST,,
42_00043,SYSTEM,Address is 101 North Broad Street and its costs is $120 per night.,INFORM,,
42_00043,USER,"Ok, that's great and that is i needed.",SELECT,,
42_00043,SYSTEM,Whether i need to make a room reservation in that hotel?,OFFER_INTENT,,
42_00043,USER,"Yes sure, Please book a room for three days and my check in date would be 10th of this month.",AFFIRM_INTENT,INFORM,
42_00043,SYSTEM,"ok Please check and review the following details. The Hotel name is Aloft Philadelphia Downtown, check in date is March 10th, room reserved for 3 days and it is in city Philadelphia and number of rooms is 1",CONFIRM,,
42_00043,USER,Ok that sounds good to me.,AFFIRM,,
42_00043,SYSTEM,I hereby confirm that your reservation is Successful.,NOTIFY_SUCCESS,,
42_00043,USER,Thanks a lot and thank you once again for your kind help,THANK_YOU,GOODBYE,
42_00043,SYSTEM,"take care , have a great day",GOODBYE,,
42_00044,USER,I want to find a hotel room.,INFORM_INTENT,,
42_00044,SYSTEM,Which city are you planning to stay in?,REQUEST,,
42_00044,USER,I'll be staying in New York City.,INFORM,,
42_00044,SYSTEM,1 Hotel Brooklyn Bridge is a nice 4 star hotel.,OFFER,,
42_00044,USER,Can I get their phone number? And do they offer WiFi?,REQUEST,,
42_00044,SYSTEM,They do have WiFi and their number is +1 833-625-6111.,INFORM,,
42_00044,USER,That's good. I'd like to book a room.,INFORM_INTENT,SELECT,
42_00044,SYSTEM,When will you be arriving and how many days are you planning to stay?,REQUEST,,
42_00044,USER,In be checking in on the 1st of this month for one day.,INFORM,,
42_00044,SYSTEM,Please confirm that you need 1 room at the 1 Hotel Brooklyn Bridge in New York and that you'll be checking in later today.,CONFIRM,,
42_00044,USER,That's correct.,AFFIRM,,
42_00044,SYSTEM,Your room has been booked successfully.,NOTIFY_SUCCESS,,
42_00044,USER,Thanks a ton!,THANK_YOU,,
42_00044,SYSTEM,Is there anything else I can do for you?,REQ_MORE,,
42_00044,USER,No. That's all for now.,NEGATE,THANK_YOU,
42_00044,SYSTEM,Have a great day!,GOODBYE,,
42_00045,USER,"Hey, I'm thinking of staying on a hotel. Find me a room.",INFORM_INTENT,,
42_00045,SYSTEM,For which city would you like it?,REQUEST,,
42_00045,USER,"London, England. Please.",INFORM,,
42_00045,SYSTEM,"I found 10 you may enjoy. 45 Park Lane is one of the good ones, it has a 5 star rating.",OFFER,,INFORM_COUNT
42_00045,USER,Can you search for other ones?,REQUEST_ALTS,,
42_00045,SYSTEM,"There's also ABC Hyde Park Hotel. 3 stars rating, but I'm sure it's still good.",OFFER,,
42_00045,USER,How much does it cost per night?,REQUEST,,
42_00045,SYSTEM,$270 for each night.,INFORM,,
42_00045,USER,Where are they located? Do they have WiFi?,REQUEST,,
42_00045,SYSTEM,"They're located on 121 Sussex Gardens, but unfortunately no WiFi.",INFORM,,
42_00045,USER,Sounds good. I want to make a reservation.,INFORM_INTENT,SELECT,
42_00045,SYSTEM,For how many days?,REQUEST,,
42_00045,USER,Three days please.,INFORM,,
42_00045,SYSTEM,When will you be checking in?,REQUEST,,
42_00045,USER,On March 5th.,INFORM,,
42_00045,SYSTEM,Please confirm:you want to reserve 1 room on the ABC Hyde Park Hotel in London. You will check in next Tuesday and stay there for 3 days.,CONFIRM,,
42_00045,USER,"Yes, exactly. What's their phone number?",REQUEST,AFFIRM,
42_00045,SYSTEM,You reservation was successful. Their number is +44 20 7706 4660.,INFORM,NOTIFY_SUCCESS,
42_00045,USER,Thanks very much.,THANK_YOU,,
42_00045,SYSTEM,Can I help you in anything else?,REQ_MORE,,
42_00045,USER,"No, that was all.",NEGATE,THANK_YOU,
42_00045,SYSTEM,Have a great day.,GOODBYE,,
42_00046,USER,I'm looking for three hotel rooms.,INFORM,INFORM_INTENT,
42_00046,SYSTEM,In which city?,REQUEST,,
42_00046,USER,I need a hotel in London.,INFORM,,
42_00046,SYSTEM,There are 10 options. 45 Park Lane is nice 5 star hotel.,OFFER,,INFORM_COUNT
42_00046,USER,Please reserve for me.,INFORM_INTENT,SELECT,
42_00046,SYSTEM,When will you be checking in?,REQUEST,,
42_00046,USER,Checking in Sunday this week.,INFORM,,
42_00046,SYSTEM,For how many days?,REQUEST,,
42_00046,USER,I need the rooms for 4 days.,INFORM,,
42_00046,SYSTEM,Please confirm you want me to book 3 rooms at 45 Park Lane the day after tomorrow staying for 4 day in London.,CONFIRM,,
42_00046,USER,"Actually, the check in date is 2nd of March for 1 day.",INFORM,,NEGATE
42_00046,SYSTEM,Please confirm the check in date is tomorrow staying for 1 day.,CONFIRM,,
42_00046,USER,Yep. That's great.,AFFIRM,,
42_00046,SYSTEM,Your hotel reservation was a success.,NOTIFY_SUCCESS,,
42_00046,USER,Thanks so much.,THANK_YOU,,
42_00046,SYSTEM,Is there anything else I can help you with?,REQ_MORE,,
42_00046,USER,No. Thanks so much.,NEGATE,THANK_YOU,
42_00046,SYSTEM,You're welcome. Have a great day.,GOODBYE,,
42_00047,USER,I am looking for a room in hotel with wifi facility.,INFORM,INFORM_INTENT,
42_00047,SYSTEM,In which city you need hotel?,REQUEST,,
42_00047,USER,Las Vegas will be a fine option for me.,INFORM,,
42_00047,SYSTEM,I searched and found 6 hotels for you. Best Western Plus Las Vegas West with 3 star hotel will be a great hotel.,OFFER,,INFORM_COUNT
42_00047,USER,Do I have some other options?,REQUEST_ALTS,,
42_00047,SYSTEM,Budget Suites Of America with 1 star hotel will be a good choice.,OFFER,,
42_00047,USER,What is the price per night? Where it is located?,REQUEST,,
42_00047,SYSTEM,They are charging $23 per night. The location is 2219 North Rancho Drive.,INFORM,,
42_00047,USER,It is good. I wish to book the hotel on this Saturday.,INFORM,INFORM_INTENT,SELECT
42_00047,SYSTEM,For how many days should I book the hotel?,REQUEST,,
42_00047,USER,I want to have the room for 4 days.,INFORM,,
42_00047,SYSTEM,"Kindly ensure that, tomorrow 1 ticket has been booked at Budget Suites Of America at Las Vegas. It is for 4 days.",CONFIRM,,
42_00047,USER,Yes. It is good for me.,AFFIRM,,
42_00047,SYSTEM,Your booking has been done.,NOTIFY_SUCCESS,,
42_00047,USER,What is their contact number?,REQUEST,,
42_00047,SYSTEM,Their contact number is +1 702-638-1800.,INFORM,,
42_00047,USER,Thank you so much.,THANK_YOU,,
42_00047,SYSTEM,Anything else shall I do for you?,REQ_MORE,,
42_00047,USER,Nope. Thank you so much.,NEGATE,THANK_YOU,
42_00047,SYSTEM,Have a wonderful day.,GOODBYE,,
42_00048,USER,I need a hotel room please,INFORM_INTENT,,
42_00048,SYSTEM,Where do you need your hotel?,REQUEST,,
42_00048,USER,"I'm gonna be in London, UK and I need 1 room. I think a three star hotel should do.",INFORM,,
42_00048,SYSTEM,"I found a total of 10 places, how about this nice place at 45 Park Lane, it's 3 star like you requested",OFFER,,INFORM_COUNT
42_00048,USER,What else might I like?,REQUEST_ALTS,,
42_00048,SYSTEM,There's another 3 star place called Abc Hyde Park Hotel you might like.,OFFER,,
42_00048,USER,What's their phone number?,REQUEST,,
42_00048,SYSTEM,You can call them at +44 20 7706 4660,INFORM,,
42_00048,USER,Great that's good,SELECT,,
42_00048,SYSTEM,Do you want me to reserve a room then?,OFFER_INTENT,,
42_00048,USER,"Yes, please make a reservation for the 5th",AFFIRM_INTENT,INFORM,
42_00048,SYSTEM,How many days are you staying?,REQUEST,,
42_00048,USER,"Four days, starting from the 2nd of this month",INFORM,,
42_00048,SYSTEM,So confirming your 4 day reservation for 1 with check in tomorrow at the Abc Hyde Park Hotel in London yes?,CONFIRM,,
42_00048,USER,"Yes that works. What's the cost per night, and do they have wifi?",REQUEST,,AFFIRM
42_00048,SYSTEM,"They don't have wi-fi, and it costs $81. I've booked the room.",INFORM,,NOTIFY_SUCCESS
42_00048,USER,Thanks for doing that.,THANK_YOU,,
42_00048,SYSTEM,"Sure thing, what else can I assist with?",REQ_MORE,,
42_00048,USER,"Nothing else, that's all",NEGATE,THANK_YOU,
42_00048,SYSTEM,"Great, enjoy your stay and have a good day",GOODBYE,,
42_00049,USER,I'm going to need a hotel room soon,INFORM_INTENT,,
42_00049,SYSTEM,Where do you need it?,REQUEST,,
42_00049,USER,I'm going to be looking for 1 room in Paris,INFORM,,
42_00049,SYSTEM,How about the Ac Hotel by Marriott Paris Porte Maillot. It's a 4 star hotel,OFFER,,
42_00049,USER,What else do you think i'll like?,REQUEST_ALTS,,
42_00049,SYSTEM,The Amastan Paris is also 4 stars,OFFER,,
42_00049,USER,Give me more 4 star hotels to choose from.,INFORM,REQUEST_ALTS,
42_00049,SYSTEM,I found 8 hotels that might work. What about the 4 star hotel called Best Western Bretagne Montparnasse?,OFFER,,INFORM_COUNT
42_00049,USER,How much is it? and does it have wifi?,REQUEST,,
42_00049,SYSTEM,It doesn't have wifi and will cost $348 per night,INFORM,,
42_00049,USER,Yes that's good. I want the room for 4 days and I'm going to check in on the 1st of this month,INFORM,,INFORM_INTENT
42_00049,SYSTEM,Confirming 1 room for 4 days in Paris checking in today at the Best Western Bretagne Montparnasse.,CONFIRM,,
42_00049,USER,Yes that's good. What's their phone number?,REQUEST,AFFIRM,
42_00049,SYSTEM,I've booked it! And you can call them at +33 1 45 38 52 59,INFORM,NOTIFY_SUCCESS,
42_00049,USER,Thanks so much for that,THANK_YOU,,
42_00049,SYSTEM,Can I do anything else for you?,REQ_MORE,,
42_00049,USER,No for now we're good,NEGATE,THANK_YOU,
42_00049,SYSTEM,Have a good rest of your day,GOODBYE,,
42_00050,USER,Please find me a room in a New York City hotel.,INFORM,INFORM_INTENT,
42_00050,SYSTEM,1 Hotel Brooklyn Bridge is a nice 4 star hotel.,OFFER,,
42_00050,USER,I don't think I like that one. Please help me find 1 room in other suitable hotels. They must have wifi.,INFORM,,REQUEST_ALTS
42_00050,SYSTEM,Okay. How about the 5 star 1 Hotel Central Park?,OFFER,,
42_00050,USER,"No, my last stay there was not pleasant. Please continue searching for other suitable hotels.",REQUEST_ALTS,,
42_00050,SYSTEM,All right. How about the 3 star 11 Howard?,OFFER,,
42_00050,USER,Where is it located?,REQUEST,,
42_00050,SYSTEM,It's located at 11 Howard Street.,INFORM,,
42_00050,USER,That works for me. Please reserve the hotel.,INFORM_INTENT,SELECT,
42_00050,SYSTEM,"When would you like to check in, and how long will you be staying?",REQUEST,,
42_00050,USER,I'd like to check into the room on March 6th and stay for three days.,INFORM,,
42_00050,SYSTEM,Let me see if I got everything correctly: You'd like to reserve 1 room at the 11 Howard hotel in New York for 3 days. You'll be checking in next Wednesday. Correct?,CONFIRM,,
42_00050,USER,"Yes, sounds perfect. Please let me have the hotel's phone number.",REQUEST,AFFIRM,
42_00050,SYSTEM,Your reservation has been confirmed. They can be reached at +1 212-235-1111.,INFORM,NOTIFY_SUCCESS,
42_00050,USER,What's the room cost per night?,REQUEST,,
42_00050,SYSTEM,The price of the room is $168 per night.,INFORM,,
42_00050,USER,Thanks a lot.,THANK_YOU,,
42_00050,SYSTEM,Will there be anything else?,REQ_MORE,,
42_00050,USER,No. Thanks a lot.,NEGATE,THANK_YOU,
42_00050,SYSTEM,Have a great day.,GOODBYE,,
42_00051,USER,I want 2 hotel rooms at a 2 star hotel.,INFORM,,INFORM_INTENT
42_00051,SYSTEM,In which city?,REQUEST,,
42_00051,USER,Chicago.,INFORM,,
42_00051,SYSTEM,Ac Hotel By Marriott Chicago Downtown is a 2 star hotel.,OFFER,,
42_00051,USER,Are there other hotels I may like?,REQUEST_ALTS,,
42_00051,SYSTEM,Ace Hotel Chicago is another 2 star hotel.,OFFER,,
42_00051,USER,How much is it? Does it have wifi?,REQUEST,,
42_00051,SYSTEM,It costs $240 per night and has wifi.,INFORM,,
42_00051,USER,Are there any other hotels available.,REQUEST_ALTS,,
42_00051,SYSTEM,Acme Hotel Company Chicago is another 2 star hotel.,OFFER,,
42_00051,USER,Sound great I want a room for four days.,INFORM,INFORM_INTENT,SELECT
42_00051,SYSTEM,When do you want to check in?,REQUEST,,
42_00051,USER,The 1st of this month.,INFORM,,
42_00051,SYSTEM,Please confirm the reservation details: a 2 room reservation for 4 days at the Acme Hotel Company Chicago. The hotel is in Chicago and your check in date is today.,CONFIRM,,
42_00051,USER,"No, the check in date is March 4th and I want the rooms for 2 days.",INFORM,,NEGATE
42_00051,SYSTEM,Please confirm the following: the booking is for 2 days and the check in date is next Monday.,CONFIRM,,
42_00051,USER,"Yes, that's fine.",AFFIRM,,
42_00051,SYSTEM,The booking was successful.,NOTIFY_SUCCESS,,
42_00051,USER,Thank you! That's all I need for the moment.,THANK_YOU,GOODBYE,
42_00051,SYSTEM,Have a great day.,GOODBYE,,
42_00052,USER,"Could you help me find an hotel room, please?",INFORM_INTENT,,
42_00052,SYSTEM,Which city should I search in?,REQUEST,,
42_00052,USER,"I'm looking for an hotel in london, UK",INFORM,,
42_00052,SYSTEM,I found 10 hotels: 45 Park lane is a nice 5 star hotel,OFFER,,INFORM_COUNT
42_00052,USER,"Yes, that's good",SELECT,,
42_00052,SYSTEM,Is there anything else I can do for you ?,REQ_MORE,,
42_00052,USER,I'd like to make a reservation at the hotel,INFORM_INTENT,,
42_00052,SYSTEM,"Could you tell me your check in date and duration of the stay, please?",REQUEST,,
42_00052,USER,I'll check in on march 4th and I'll stay for two days,INFORM,,
42_00052,SYSTEM,"Please confirm the following details: reservation for 1 room for 2 days at 45 Park Lane in london, check in next monday",CONFIRM,,
42_00052,USER,"Yes, that's it.Could you tell me the address please?",REQUEST,AFFIRM,
42_00052,SYSTEM,your reservation has been confirmed. The address is 45 Park Lane,INFORM,NOTIFY_SUCCESS,
42_00052,USER,"Thanks, that's all I needed.",THANK_YOU,GOODBYE,
42_00052,SYSTEM,Have a good day,GOODBYE,,
42_00053,USER,I need to do a search for 2 star hotels with rooms available.,INFORM,INFORM_INTENT,
42_00053,SYSTEM,What city would you like me to search in?,REQUEST,,
42_00053,USER,I'm looking for hotels in Paris.,INFORM,,
42_00053,SYSTEM,The Ac Hotel By Marriott Paris Porte Maillot is a 2 star hotel.,OFFER,,
42_00053,USER,What's the address for that one?,REQUEST,,
42_00053,SYSTEM,"That hotel is located on 6 Rue Gustave Charpentier, 75017.",INFORM,,
42_00053,USER,What other hotels match my search?,REQUEST_ALTS,,
42_00053,SYSTEM,The Amastan Paris is a 2 star hotel as well.,OFFER,,
42_00053,USER,What else is there? I need 1 room.,INFORM,REQUEST_ALTS,
42_00053,SYSTEM,The Aparthotel Adagio Access Paris La Villette is a 2 star hotel with a room available.,OFFER,,
42_00053,USER,Is there wifi there?,REQUEST,,
42_00053,SYSTEM,I'm afraid there is no wifi.,INFORM,,
42_00053,USER,"That's fine anyways, I'll make do. Can you make a reservation there?",INFORM_INTENT,SELECT,
42_00053,SYSTEM,How many days would you like the room for?,REQUEST,,
42_00053,USER,I'd like to rent the room for three days.,INFORM,,
42_00053,SYSTEM,What day are you checking in?,REQUEST,,
42_00053,USER,On the 6th of this month.,INFORM,,
42_00053,SYSTEM,"To review: You are booking 1 room next Wednesday, for 3 days at the The Aparthotel Adagio Access Paris La Villette in Paris.",CONFIRM,,
42_00053,USER,"Yeah, that sounds good - what's their number? I might want to give them a call closer to the day.",REQUEST,AFFIRM,
42_00053,SYSTEM,"Their number is +33 1 44 72 42 00, your room has been booked.",INFORM,NOTIFY_SUCCESS,
42_00053,USER,"That's great, thanks.",THANK_YOU,,
42_00053,SYSTEM,Is there anything else I can help you with today?,REQ_MORE,,
42_00053,USER,"No, that's everything.",NEGATE,THANK_YOU,
42_00053,SYSTEM,Have a great stay in Paris.,GOODBYE,,
42_00054,USER,Can you look for a hotel room?,INFORM_INTENT,,
42_00054,SYSTEM,In which city?,REQUEST,,
42_00054,USER,I'm looking in New York.,INFORM,,
42_00054,SYSTEM,There are 10 possibilities. There's a 4 star hotel called 1 Hotel Brooklyn Bridge.,OFFER,,INFORM_COUNT
42_00054,USER,What are some of the others? I want one with wifi.,INFORM,REQUEST_ALTS,
42_00054,SYSTEM,There are 9 that fit. 1 Hotel Central Park is a 5 star hote.,OFFER,,INFORM_COUNT
42_00054,USER,can you give me the phone number?,REQUEST,,
42_00054,SYSTEM,"Yes, it's +1 212-703-2001.",INFORM,,
42_00054,USER,Can you tell me about another hotel?,REQUEST_ALTS,,
42_00054,SYSTEM,"11 Howard is nice, it's a 3 star hotel.",OFFER,,
42_00054,USER,What is the address and how much do they charge?,REQUEST,,
42_00054,SYSTEM,It's at 11 Howard Street for $168 per night.,INFORM,,
42_00054,USER,That one sounds good.,SELECT,,
42_00054,SYSTEM,Shall I reserve a room?,OFFER_INTENT,,
42_00054,USER,"Yes, please do.",AFFIRM_INTENT,,
42_00054,SYSTEM,How many days did you want to stay.,REQUEST,,
42_00054,USER,I'm planning on 3 days.,INFORM,,
42_00054,SYSTEM,And your check in date?,REQUEST,,
42_00054,USER,Wednesday next week.,INFORM,,
42_00054,SYSTEM,To verify: You want to check in to the 11 Howard hotel in New York next Wednesday. The reservation is for 1 and you want to stay for 3 days.,CONFIRM,,
42_00054,USER,"No, I'd like to get two rooms.",INFORM,NEGATE,
42_00054,SYSTEM,Okay you want a reservation for 2 rooms next Wednesday.,CONFIRM,,
42_00054,USER,"No, make that 3 rooms.",INFORM,NEGATE,
42_00054,SYSTEM,To verify: You would like 3 rooms at the 11 Howard hotel.,CONFIRM,,
42_00054,USER,Yes that's right.,AFFIRM,,
42_00054,SYSTEM,I've made your reservation.,NOTIFY_SUCCESS,,
42_00054,USER,What's the phone number?,REQUEST,,
42_00054,SYSTEM,It is +1 212-235-1111.,INFORM,,
42_00054,USER,Thank you. That's all I need.,THANK_YOU,GOODBYE,
42_00054,SYSTEM,Have a great day.,GOODBYE,,
42_00055,USER,I need a hotel room.,INFORM_INTENT,,
42_00055,SYSTEM,"Okay, what city are you looking in?",REQUEST,,
42_00055,USER,I'm in London.,INFORM,,
42_00055,SYSTEM,"So I have a gorgeous 5 star hotel, 45 Park Lane.",OFFER,,
42_00055,USER,"Looks nice. How much is it per night, and what's the address?",REQUEST,,
42_00055,SYSTEM,This room is $190 per night and the hotel is located at 45 Park Lane.,INFORM,,
42_00055,USER,Okay sounds great.,SELECT,,
42_00055,SYSTEM,Would you like me to reserve the room for you?,OFFER_INTENT,,
42_00055,USER,Yes thank you.,AFFIRM_INTENT,,
42_00055,SYSTEM,So I'll need your check in date and the number of nights you'll be staying.,REQUEST,,
42_00055,USER,"Can I check in March 4th, staying for 3 nights.",INFORM,,
42_00055,SYSTEM,"Okay confirming the following: booking 1 room at 45 Park Lane in London. Check in next Monday, staying 3 nights.",CONFIRM,,
42_00055,USER,Can you change that to 3rd of march for check in and make it four nights?,INFORM,,NEGATE
42_00055,SYSTEM,"Sure, confirming the following: booking 1 room at 45 Park Lane in London. Check in the day after tomorrow, staying 4 nights.",CONFIRM,,
42_00055,USER,Yes thank you. Can you tell me the hotel's phone number?,REQUEST,AFFIRM,
42_00055,SYSTEM,The room has been booked for you. You can contact the hotel on +44 20 7493 4545.,INFORM,NOTIFY_SUCCESS,
42_00055,USER,Thanks so much.,THANK_YOU,,
42_00055,SYSTEM,Can I help with anything else?,REQ_MORE,,
42_00055,USER,No that's it.,NEGATE,THANK_YOU,
42_00055,SYSTEM,Enjoy your stay.,GOODBYE,,
42_00056,USER,I will be having family visiting me soon and need to find two hotel rooms.,INFORM,INFORM_INTENT,
42_00056,SYSTEM,What city would you like me to search for available hotel rooms in?,REQUEST,,
42_00056,USER,"I would like them to be close to me while they are here so preferably London, England.",INFORM,,
42_00056,SYSTEM,Of the 10 hotels that are closest to you the fist one that shows up is located at 45 Park Lane and it has a 5 star rating.,OFFER,,INFORM_COUNT
42_00056,USER,"That sounds nice, do you have the contact number by chance?",REQUEST,,
42_00056,SYSTEM,"Yes, the phone number listed for that particular hotel is +44 20 7493 4545.",INFORM,,
42_00056,USER,Let's go ahead and reserve the rooms there. It sounds like exactly what I'm looking for.,INFORM_INTENT,SELECT,
42_00056,SYSTEM,"No problem, what are the exact dates you would like me to reserve the rooms for?",REQUEST,,
42_00056,USER,My family will be checking in on the 3rd and they intend on staying for four days.,INFORM,,
42_00056,SYSTEM,"Before reserving the rooms I just want to confirm the details. I have 2 rooms at the hotel located at 45 Park Lane, in London, where you will be checking in the day after tomorrow and staying a total of 4 days. Is that correct?",CONFIRM,,
42_00056,USER,"No, lets change that to 1 day. I'm not sure I can handle family that long.",INFORM,NEGATE,
42_00056,SYSTEM,"Okay, so now I have the hotel in London for 1 day. Is that right?",CONFIRM,,
42_00056,USER,"No, I'm sorry, I was mistaken. The check in date should be March 2nd.",INFORM,NEGATE,
42_00056,SYSTEM,Now I have you checking in at the hotel in London tomorrow. Is that correct?,CONFIRM,,
42_00056,USER,"Yes, I believe that's correct now.",AFFIRM,,
42_00056,SYSTEM,"Wonderful, I have successfully made those reservations for you today.",NOTIFY_SUCCESS,,
42_00056,USER,Can you tell me the address of the hotel in case they get lost?,REQUEST,,
42_00056,SYSTEM,"OF course, the address for the hotel you have reservations at is 45 Park Lane.",INFORM,,
42_00056,USER,"Thanks so much, that's a big load off my shoulders. That's all I will be needing for today.",THANK_YOU,GOODBYE,
42_00056,SYSTEM,"It was my pleasure, have a great day!",GOODBYE,,
42_00057,USER,You can look for me a room in the hotel?I want only 1 room.,INFORM,INFORM_INTENT,
42_00057,SYSTEM,In which city you want the hotel to be?,REQUEST,,
42_00057,USER,I'm interested to be in London.,INFORM,,
42_00057,SYSTEM,I have 10 results for you.A nice hotel with 5 star named 45 Park Lane.,OFFER,,INFORM_COUNT
42_00057,USER,Is perfect for me.Make me a reservation please.,INFORM_INTENT,SELECT,
42_00057,SYSTEM,How many days do you want to stay there and what is the check in date?,REQUEST,,
42_00057,USER,I want the room for 1 day and the check in date is 4th of this month,INFORM,,
42_00057,SYSTEM,You want 1 room in London at 45 Park Lane on next Monday is that correct?,CONFIRM,,
42_00057,USER,"No.I changed my mind,I want the room for two day and the check date to be a day after tomorrow.",INFORM,,NEGATE
42_00057,SYSTEM,A day after tomorrow would be the check in date and for 2 days I'm right?,CONFIRM,,
42_00057,USER,Yes is good.Wifi is available in the hotel?,REQUEST,AFFIRM,
42_00057,SYSTEM,Your booking was successful.Wifi is not available.,INFORM,NOTIFY_SUCCESS,
42_00057,USER,Thank you for your help.,THANK_YOU,,
42_00057,SYSTEM,Can I still help you?,REQ_MORE,,
42_00057,USER,No.thank you,NEGATE,THANK_YOU,
42_00057,SYSTEM,Have a great day!,GOODBYE,,
42_00058,USER,"Hello, I am looking for a hotel room. Would you be able to assist me?",INFORM_INTENT,,
42_00058,SYSTEM,Which city were you going to be staying in?,REQUEST,,
42_00058,USER,"I was going to be in Seattle, WA. Do you have anything available?",INFORM,,
42_00058,SYSTEM,I have a 2 star hotel if you just would like a nice hotel. It's called Ace Hotel Seattle. How does that sound?,OFFER,,
42_00058,USER,Do you know if the hotel has any amenities like wifi? Would you give me their phone number?,REQUEST,,
42_00058,SYSTEM,"Yes, the hotel does have wifi, and their phone number is +1 206-448-4721.",INFORM,,
42_00058,USER,"I probably will need two rooms, are there any other hotels around that would have them available?",INFORM,REQUEST_ALTS,
42_00058,SYSTEM,I have 9 hotels matching your query. Belltown Inn is also a nice 2 star hotel.,OFFER,,INFORM_COUNT
42_00058,USER,Okay that sounds like it will work.,SELECT,,
42_00058,SYSTEM,Would you like to reserve a room in that hotel?,OFFER_INTENT,,
42_00058,USER,"Yes, I would like that. We would have to check in on Thursday next week, and I want the room for one day.",AFFIRM_INTENT,INFORM,
42_00058,SYSTEM,Okay then let's confirm the reservation for 2 rooms in the Belltown Inn next Thursday in Seattle for 1 day.,CONFIRM,,
42_00058,USER,"Yes, that's right.",AFFIRM,,
42_00058,SYSTEM,Okay your reservation has been made.,NOTIFY_SUCCESS,,
42_00058,USER,"Thank you, for all of your help.",THANK_YOU,GOODBYE,
42_00058,SYSTEM,Have a nice day.,GOODBYE,,
42_00059,USER,I'm looking for a hotel room.,INFORM_INTENT,,
42_00059,SYSTEM,What city do you want the hotel in?,REQUEST,,
42_00059,USER,I'd like a hotel in SD.,INFORM,,
42_00059,SYSTEM,There're 10 hotels that match what you want. How about the 3 star rated Bahia Resort Hotel?,OFFER,,INFORM_COUNT
42_00059,USER,That sounds awesome.,SELECT,,
42_00059,SYSTEM,Want to book the hotel room?,OFFER_INTENT,,
42_00059,USER,Set up the reservation.,AFFIRM_INTENT,,
42_00059,SYSTEM,"When do you want to check in, and how many days do you want the reservation for?",REQUEST,,
42_00059,USER,I need a four day reservation with a check in date for the 1st.,INFORM,,
42_00059,SYSTEM,"Just to make sure, you want a 1 guest, 4 day reservation to the Bahia Resort Hotel in San Diego with a check in date for today.",CONFIRM,,
42_00059,USER,"Sounds perfect. Where's the hotel at, and do they have wifi?",REQUEST,,AFFIRM
42_00059,SYSTEM,"Your reservation is confirmed. The hotel is at 998 West Mission Bay Drive, and yes they've got wifi!",INFORM,,NOTIFY_SUCCESS
42_00059,USER,Thanks a ton. That'll be everything for the time being.,THANK_YOU,GOODBYE,
42_00059,SYSTEM,Enjoy the rest of your day!,GOODBYE,,
42_00060,USER,I to find a three star hotel.,INFORM,INFORM_INTENT,
42_00060,SYSTEM,What is the city preference?,REQUEST,,
42_00060,USER,"City is Anaheim, CA.",INFORM,,
42_00060,SYSTEM,There is a 3 star at Anaheim Majestic Garden Hotel.,OFFER,,
42_00060,USER,What is the cost per night?,REQUEST,,
42_00060,SYSTEM,The cost is $180.,INFORM,,
42_00060,USER,Is the anything else?,REQUEST_ALTS,,
42_00060,SYSTEM,I have a 3 star at Anaheim Portofino Inn & Suites.,OFFER,,
42_00060,USER,Are they any others?,REQUEST_ALTS,,
42_00060,SYSTEM,I have a 3 star at Ayres Hotel Anaheim.,OFFER,,
42_00060,USER,I like that one.,SELECT,,
42_00060,SYSTEM,Would you like to book it?,OFFER_INTENT,,
42_00060,USER,Yes please reserve it for me.,AFFIRM_INTENT,,
42_00060,SYSTEM,How may days is your reservation?,REQUEST,,
42_00060,USER,I want it for 4 days.,INFORM,,
42_00060,SYSTEM,What is you check in date?,REQUEST,,
42_00060,USER,I check in March 1st.,INFORM,,
42_00060,SYSTEM,Please confirm check in today for 4 days in Anaheim for Ayres Hotel Anaheim for 1.,CONFIRM,,
42_00060,USER,Can I have phone number and does it have wifi?,REQUEST,,AFFIRM
42_00060,SYSTEM,The phone is +1 714-634-2106 and it has wifi.,INFORM,,NOTIFY_SUCCESS
42_00060,USER,Thanks you very much.,THANK_YOU,,
42_00060,SYSTEM,Is there anything else today?,REQ_MORE,,
42_00060,USER,No thanks that is it.,NEGATE,THANK_YOU,
42_00060,SYSTEM,Have great day today.,GOODBYE,,
42_00061,USER,I'd like to find a hotel room.,INFORM_INTENT,,
42_00061,SYSTEM,Which city are you searching in?,REQUEST,,
42_00061,USER,"London, UK please.",INFORM,,
42_00061,SYSTEM,I've found a 5 star hotel called 45 Park Lane.,OFFER,,
42_00061,USER,Are there other options?,REQUEST_ALTS,,
42_00061,SYSTEM,There's a 3 star hotel called Abc Hyde Park Hotel.,OFFER,,
42_00061,USER,Are there other options?,REQUEST_ALTS,,
42_00061,SYSTEM,There's a 1 star hotel called Abercorn House.,OFFER,,
42_00061,USER,What's the cost per night? Does the hotel provide wifi?,REQUEST,,
42_00061,SYSTEM,"The cost per night for a room is $58, and the hotel does not provide wifi.",INFORM,,
42_00061,USER,Sounds good.,SELECT,,
42_00061,SYSTEM,Would you like to make a reservation?,OFFER_INTENT,,
42_00061,USER,"Yes, please.",AFFIRM_INTENT,,
42_00061,SYSTEM,"When are you checking in, and how many nights are you staying?",REQUEST,,
42_00061,USER,I'd like to check in on the 1st of this month for 3 nights.,INFORM,,
42_00061,SYSTEM,"Alright, so you want to reserve 1 room in Abercorn House for 3 days? Your check in date is today and the hotel is in London.",CONFIRM,,
42_00061,USER,"Actually, no, I'd like 3 rooms for two days.",INFORM,,NEGATE
42_00061,SYSTEM,"Alright, so you want to reserve 3 rooms for 2 days?",CONFIRM,,
42_00061,USER,"Yes, sounds correct.",AFFIRM,,
42_00061,SYSTEM,Your reservation is confirmed.,NOTIFY_SUCCESS,,
42_00061,USER,Thank you.,THANK_YOU,,
42_00061,SYSTEM,Is there anything else I can help you with?,REQ_MORE,,
42_00061,USER,"No, thank you.",NEGATE,THANK_YOU,
42_00061,SYSTEM,Have a nice day.,GOODBYE,,
